Customer_ID,Age,Annual_Income_INR,Region,Preferred_Channel,Loyalty_Status,Primary_Category,Purchase_Frequency,Average_Basket_Value_INR,Annual_Spend_INR,Average_Discount_Rate,Return_Rate,Customer_Satisfaction_10,Estimated_Gross_Profit_INR,Estimated_Profit_Margin
RM0001,37,"₹571,000",West,Online,Platinum,Grocery,14,"₹3,011.52","₹39,314.28",21.9%,10.9%,9.3,"₹6,491.12",16.5%
RM0002,40,"₹996,000",North,Omnichannel,Silver,Grocery,7,"₹1,475.50","₹10,898.01",16.7%,19.7%,5.4,"₹1,549.84",14.2%
RM0003,38,"₹523,000",North,Store,None,Grocery,20,"₹1,497.42","₹29,015.26",6.9%,6.8%,6.2,"₹6,469.93",22.3%
RM0004,18,"₹1,051,000",North,Store,Silver,Grocery,48,"₹2,040.00","₹95,467.31",8.4%,13.8%,8.7,"₹18,101.56",19.0%
RM0005,53,"₹279,000",West,Store,None,Fashion,3,"₹1,353.56","₹4,237.77",13.4%,5.0%,7.1,"₹1,562.33",36.9%
RM0006,53,,East,Online,None,Home,17,"₹2,044.53","₹33,290.25",4.2%,4.2%,7.3,"₹11,535.22",34.7%
RM0007,51,"₹1,000,000",East,Online,Silver,Beauty,14,"₹2,733.63","₹38,631.80",27.5%,15.0%,7.1,"₹9,339.88",24.2%
RM0008,50,"₹836,000",South,Store,Gold,Grocery,38,"₹3,283.43","₹129,830.41",8.0%,2.5%,7.7,"₹30,919.25",23.8%
RM0009,37,"₹653,000",Central,Store,None,Fashion,14,"₹1,058.11","₹13,923.99",2.2%,4.6%,8.4,"₹5,860.14",42.1%
RM0010,43,"₹1,226,000",South,Omnichannel,Platinum,Electronics,23,"₹3,130.23","₹73,363.40",25.6%,14.0%,10,"₹8,237.57",11.2%
RM0011,46,"₹988,000",South,Store,Platinum,Grocery,19,"₹3,973.79","₹74,038.26",13.6%,9.2%,7.1,"₹14,414.17",19.5%
RM0012,34,"₹519,000",Central,Omnichannel,Platinum,Fashion,8,"₹2,753.50","₹24,603.86",26.2%,3.0%,5.7,"₹7,862.15",32.0%
RM0013,37,"₹891,000",East,Omnichannel,Gold,Grocery,14,"₹2,357.13","₹29,067.89",27.4%,8.2%,4.9,"₹4,699.22",16.2%
RM0014,33,"₹822,000",North,Store,Platinum,Home,32,"₹3,663.86","₹106,066.68",25.1%,2.3%,8.2,"₹29,148.51",27.5%
RM0015,48,"₹1,119,000",West,Store,Platinum,Beauty,10,"₹1,904.15","₹18,860.04",12.8%,2.8%,7,"₹6,684.69",35.4%
RM0016,56,,North,Omnichannel,None,Beauty,11,"₹1,288.97","₹13,544.68",18.7%,16.2%,7.7,"₹3,702.85",27.3%
RM0017,20,"₹1,500,000",South,Store,Gold,Fashion,12,"₹2,967.41","₹37,486.95",10.5%,6.2%,6,"₹14,114.65",37.7%
RM0018,18,,East,Store,Silver,Fashion,18,"₹1,654.91","₹27,741.57",10.1%,1.9%,7.6,"₹11,007.04",39.7%
RM0019,47,"₹926,000",North,Store,None,Fashion,14,"₹1,150.41","₹14,924.68",24.4%,0.2%,6.7,"₹5,060.41",33.9%
RM0020,42,"₹1,838,000",North,Store,Gold,Fashion,27,"₹4,708.97","₹140,874.75",15.4%,11.8%,6.9,"₹46,647.40",33.1%
RM0021,40,"₹884,000",North,Store,Silver,Fashion,17,"₹1,567.03","₹24,921.27",30.9%,14.6%,8.3,"₹6,227.17",25.0%
RM0022,30,"₹2,718,000",West,Store,None,Fashion,25,"₹3,242.45","₹85,876.47",19.7%,9.9%,6.7,"₹27,449.40",32.0%
RM0023,33,"₹724,000",East,Store,Silver,Electronics,4,"₹2,355.26","₹8,597.36",14.7%,7.1%,7.7,"₹1,429.68",16.6%
RM0024,31,"₹500,000",West,Online,Gold,Beauty,9,"₹2,611.71","₹24,461.34",16.3%,2.9%,7.8,"₹8,297.68",33.9%
RM0025,52,"₹433,000",Central,Store,Gold,Grocery,22,₹903.53,"₹17,978.53",21.6%,7.6%,5.9,"₹3,233.36",18.0%
RM0026,59,"₹1,054,000",Central,Online,Gold,Home,14,"₹3,588.78","₹53,959.22",19.0%,5.5%,7,"₹15,355.38",28.5%
RM0027,37,,South,Omnichannel,Silver,Beauty,22,"₹2,553.25","₹49,567.85",16.9%,11.9%,7.4,"₹14,836.02",29.9%
RM0028,57,"₹484,000",East,Online,,Home,12,"₹1,882.54","₹20,533.74",10.0%,3.9%,8.2,"₹6,682.09",32.5%
RM0029,53,"₹597,000",North,Store,None,Grocery,17,"₹1,604.56","₹30,382.54",22.5%,9.6%,,"₹5,135.59",16.9%
RM0030,42,"₹666,000",South,Store,Gold,Grocery,8,"₹1,899.23","₹13,802.54",17.9%,11.4%,10,"₹2,399.50",17.4%
RM0031,49,"₹1,005,000",West,Omnichannel,None,Grocery,21,"₹1,920.06","₹37,164.75",15.7%,18.2%,8.8,"₹5,613.79",15.1%
RM0032,29,"₹1,062,000",Central,Store,Silver,Home,39,"₹2,749.53","₹102,280.47",25.8%,16.9%,7.2,"₹21,596.66",21.1%
RM0033,51,"₹600,000",North,Omnichannel,Gold,Electronics,51,"₹2,724.96","₹144,718.93",6.9%,19.5%,5.9,"₹19,121.52",13.2%
RM0034,29,"₹415,000",South,Online,Gold,Fashion,22,"₹3,334.52","₹74,241.54",18.3%,7.8%,6.4,"₹24,853.54",33.5%
RM0035,43,"₹1,431,000",West,Store,Silver,Beauty,14,"₹3,216.42","₹40,938.62",7.9%,1.4%,9.1,"₹15,586.55",38.1%
RM0036,54,"₹746,000",East,Store,Gold,Beauty,10,"₹1,521.97","₹15,249.76",34.0%,8.3%,9,"₹3,696.31",24.2%
RM0037,37,"₹741,000",East,Store,Silver,Electronics,15,"₹2,645.89","₹36,722.68",24.7%,1.1%,6,"₹6,191.80",16.9%
RM0038,51,"₹747,000",East,Online,Platinum,Beauty,15,"₹2,031.71","₹29,817.16",22.0%,6.0%,7.8,"₹9,017.43",30.2%
RM0039,53,"₹635,000",West,Online,Platinum,Grocery,6,"₹1,905.56","₹12,588.39",14.2%,7.0%,6.7,"₹2,547.51",20.2%
RM0040,44,"₹803,000",West,Store,None,Beauty,19,"₹2,054.98","₹38,680.54",22.6%,3.9%,6.9,"₹11,950.09",30.9%
RM0041,31,"₹473,000",East,Store,Silver,Electronics,11,"₹1,517.01","₹17,431.21",12.9%,6.4%,6.9,"₹3,027.70",17.4%
RM0042,22,"₹1,770,000",Central,Online,Silver,Fashion,18,"₹3,290.47","₹62,746.44",9.6%,8.4%,7.7,"₹23,311.77",37.2%
RM0043,45,"₹2,348,000",South,Store,Platinum,Grocery,23,"₹3,435.48","₹87,877.34",24.2%,15.2%,,"₹12,365.16",14.1%
RM0044,37,"₹1,714,000",Central,Store,None,Home,14,"₹2,735.32","₹38,226.65",7.6%,13.4%,6.6,"₹11,277.79",29.5%
RM0045,34,"₹737,000",Central,Store,Silver,Fashion,7,"₹2,306.35","₹16,316.73",17.8%,8.3%,9.3,"₹5,469.51",33.5%
RM0046,42,"₹569,000",East,Store,Gold,Grocery,10,"₹2,336.58","₹25,611.91",1.1%,4.5%,7.9,"₹6,361.78",24.8%
RM0047,60,"₹520,000",North,Store,Gold,Electronics,24,"₹2,554.73","₹65,404.63",14.5%,0.9%,4.3,"₹12,618.95",19.3%
RM0048,47,"₹339,000",South,Online,Silver,Beauty,6,"₹1,618.65","₹9,187.47",23.5%,10.4%,6.8,"₹2,551.28",27.8%
RM0049,32,"₹1,389,000",West,Store,Silver,Grocery,12,"₹1,330.99","₹15,649.83",4.0%,5.5%,7.7,"₹3,693.99",23.6%
RM0050,42,"₹2,483,000",East,Online,,Fashion,7,"₹2,381.75","₹18,145.13",22.5%,11.2%,5.3,"₹5,475.95",30.2%
RM0051,57,"₹443,000",East,Omnichannel,Gold,Beauty,29,"₹3,084.24","₹92,506.31",1.5%,4.4%,9.8,"₹36,526.92",39.5%
RM0052,40,"₹833,000",North,Online,None,Home,10,"₹1,597.04","₹16,819.72",33.4%,14.4%,8,"₹3,235.51",19.2%
RM0053,30,"₹984,000",South,Store,Gold,Fashion,21,"₹3,145.75","₹64,400.13",14.5%,7.6%,7.3,"₹22,748.02",35.3%
RM0054,,,East,Online,Silver,Grocery,4,"₹3,051.68","₹13,179.41",21.0%,9.0%,5.5,"₹2,311.10",17.5%
RM0055,,,West,Omnichannel,Gold,Grocery,8,"₹3,855.00","₹31,597.89",29.0%,8.3%,8.6,"₹4,961.83",15.7%
RM0056,32,"₹1,054,000",Central,Online,None,Grocery,15,"₹1,946.31","₹29,246.00",20.9%,1.4%,7.8,"₹6,078.58",20.8%
RM0057,26,"₹959,000",Central,Store,Gold,Home,12,"₹2,869.85","₹31,552.51",3.0%,3.9%,6.6,"₹11,123.23",35.3%
RM0058,38,"₹634,000",South,Store,Gold,Home,20,"₹3,432.52","₹65,094.04",13.5%,9.2%,8.2,"₹18,885.90",29.0%
RM0059,57,"₹583,000",Central,Store,Silver,Home,28,"₹1,870.40","₹56,505.91",21.3%,9.4%,7.8,"₹14,670.67",26.0%
RM0060,,"₹738,000",North,Store,Gold,Grocery,26,"₹2,847.36","₹71,131.02",7.9%,7.7%,6.9,"₹15,392.14",21.6%
RM0061,30,"₹1,148,000",East,Store,Gold,Fashion,30,"₹3,281.94","₹109,023.93",9.0%,32.4%,4.8,"₹29,807.81",27.3%
RM0062,20,"₹794,000",Central,Omnichannel,Silver,Home,11,"₹2,593.65","₹31,586.84",9.2%,1.9%,8.4,"₹10,655.46",33.7%
RM0063,37,"₹1,478,000",North,Store,Gold,Home,8,"₹3,426.56","₹27,074.33",8.3%,13.0%,8.3,"₹7,955.04",29.4%
RM0064,43,,North,Omnichannel,Gold,Grocery,16,"₹3,667.63","₹60,299.10",7.1%,12.0%,8.1,"₹12,096.42",20.1%
RM0065,18,"₹1,136,000",West,Online,Gold,Home,12,"₹1,362.37","₹16,529.02",23.3%,24.9%,6.8,"₹3,089.04",18.7%
RM0066,42,,Central,Online,Silver,Home,9,"₹3,046.00","₹26,308.17",6.3%,10.1%,4.6,"₹8,244.66",31.3%
RM0067,,"₹1,292,000",East,Store,None,Home,12,"₹1,870.39","₹22,046.73",32.6%,8.4%,7.6,"₹4,871.56",22.1%
RM0068,37,"₹920,000",West,Online,Platinum,Grocery,19,"₹3,946.86","₹80,003.00",13.5%,17.9%,7,"₹12,687.48",15.9%
RM0069,26,"₹570,000",South,Store,Gold,Electronics,13,"₹2,152.64","₹26,384.38",13.6%,9.5%,6.1,"₹4,188.79",15.9%
RM0070,18,"₹578,000",North,Online,Platinum,Beauty,23,"₹2,213.37","₹51,014.43",11.5%,1.0%,5.7,"₹18,746.61",36.8%
RM0071,23,"₹426,000",Central,Online,Silver,Home,15,"₹1,651.52","₹23,848.38",30.3%,3.9%,7,"₹5,931.13",24.9%
RM0072,28,"₹1,159,000",East,Online,None,Fashion,17,"₹2,642.99","₹41,201.81",20.2%,11.0%,9.7,"₹12,892.77",31.3%
RM0073,27,"₹603,000",East,Online,Silver,Beauty,16,"₹1,311.30","₹21,912.34",20.3%,9.2%,6.7,"₹6,493.23",29.6%
RM0074,20,"₹431,000",East,Store,Silver,Grocery,10,"₹1,750.92","₹17,994.04",12.4%,10.2%,8.3,"₹3,484.52",19.4%
RM0075,25,"₹1,754,000",Central,Store,Silver,Grocery,16,"₹2,693.29","₹44,688.04",9.3%,22.3%,7.3,"₹6,766.10",15.1%
RM0076,53,"₹333,000",West,Store,Platinum,Home,7,"₹1,722.14","₹11,589.45",7.4%,3.1%,8.7,"₹3,926.60",33.9%
RM0077,28,"₹493,000",North,Omnichannel,Gold,Fashion,12,"₹1,943.95","₹23,508.47",15.4%,15.3%,6.6,"₹7,447.45",31.7%
RM0078,21,"₹321,000",Central,Omnichannel,Gold,Electronics,23,"₹2,516.53","₹59,543.50",3.0%,5.2%,8.8,"₹11,983.11",20.1%
RM0079,39,"₹487,000",South,Online,Silver,Fashion,9,"₹1,755.75","₹15,203.75",11.7%,21.5%,5.9,"₹4,666.28",30.7%
RM0080,36,"₹1,416,000",South,Store,Gold,Fashion,13,"₹3,432.87","₹40,577.34",10.3%,4.9%,6.3,"₹15,557.95",38.3%
RM0081,30,"₹732,000",East,Omnichannel,Gold,Grocery,19,"₹2,887.35","₹51,468.69",17.1%,12.3%,8.6,"₹8,870.17",17.2%
RM0082,39,"₹1,484,000",Central,Omnichannel,Silver,Grocery,20,"₹3,407.93","₹68,733.65",13.0%,4.8%,8.1,"₹14,770.92",21.5%
RM0083,61,"₹813,000",Central,Omnichannel,Silver,Grocery,7,"₹1,700.26","₹11,784.48",6.8%,16.0%,8.8,"₹2,171.56",18.4%
RM0084,25,"₹762,000",West,Store,None,Fashion,10,"₹1,873.49","₹20,776.39",23.8%,2.9%,9.4,"₹6,870.55",33.1%
RM0085,54,"₹613,000",Central,Store,Gold,Grocery,8,"₹1,926.05","₹16,324.49",16.4%,14.2%,7,"₹2,710.33",16.6%
RM0086,18,"₹368,000",West,Store,Silver,Grocery,17,"₹1,551.27","₹25,283.69",19.3%,1.7%,7,"₹5,335.36",21.1%
RM0087,,"₹345,000",West,Online,Silver,Home,24,"₹1,715.89","₹36,687.29",21.3%,,9.2,"₹10,848.56",29.6%
RM0088,37,"₹320,000",Central,Store,Gold,Home,17,"₹1,936.54","₹33,215.58",12.8%,13.6%,7.6,"₹9,100.49",27.4%
RM0089,34,"₹953,000",West,Store,Gold,Beauty,19,"₹4,661.59","₹78,976.46",26.6%,8.0%,6.5,"₹21,718.51",27.5%
RM0090,54,"₹953,000",South,Store,Gold,Grocery,11,"₹4,379.69","₹52,935.38",17.7%,9.1%,6.3,"₹9,727.43",18.4%
RM0091,18,"₹394,000",West,Omnichannel,Silver,Beauty,17,"₹1,978.00","₹31,550.86",4.1%,3.0%,6.5,"₹12,313.47",39.0%
RM0092,25,"₹1,158,000",West,Online,Silver,Fashion,46,"₹4,344.80","₹198,849.51",14.4%,12.9%,10,"₹65,852.00",33.1%
RM0093,33,"₹768,000",North,Omnichannel,Silver,Home,14,"₹2,545.17","₹33,248.84",6.7%,4.8%,6.2,"₹11,120.99",33.5%
RM0094,24,"₹208,000",Central,Online,,Grocery,23,"₹1,957.01","₹46,543.05",27.5%,10.3%,6.3,"₹7,111.33",15.3%
RM0095,53,"₹548,000",West,Online,Silver,Fashion,2,"₹2,036.79","₹3,596.33",13.9%,32.6%,6.9,₹901.04,25.1%
RM0096,45,"₹858,000",South,Store,Silver,Fashion,18,"₹2,404.65","₹46,897.28",14.8%,10.0%,9,"₹16,011.79",34.1%
RM0097,20,"₹1,162,000",North,Online,,Grocery,33,"₹2,401.84","₹78,794.57",36.6%,21.6%,7.2,"₹6,352.97",8.1%
RM0098,47,"₹1,258,000",Central,Store,Gold,Grocery,16,"₹3,964.74","₹68,591.99",13.1%,8.8%,7.6,"₹13,562.71",19.8%
RM0099,53,,North,Store,Gold,Home,24,"₹4,234.57","₹92,033.10",1.1%,3.1%,7.1,"₹33,393.09",36.3%
RM0100,41,"₹644,000",East,Store,Silver,Fashion,13,"₹3,057.89","₹44,314.70",17.7%,9.8%,5.5,"₹14,576.43",32.9%
RM0101,27,"₹440,000",South,Online,Gold,Grocery,7,"₹2,671.33","₹20,713.53",10.5%,4.7%,8,"₹4,597.12",22.2%
RM0102,47,"₹1,400,000",West,Online,Silver,Grocery,13,"₹2,341.16","₹30,901.44",17.3%,20.5%,7.2,"₹4,238.99",13.7%
RM0103,48,"₹632,000",East,Store,Gold,Home,14,"₹1,495.46","₹23,048.77",15.3%,11.9%,5.9,"₹6,261.50",27.2%
RM0104,53,"₹991,000",West,Omnichannel,Silver,Grocery,11,"₹1,555.66","₹17,421.22",9.9%,11.0%,6.9,"₹3,434.68",19.7%
RM0105,60,"₹459,000",East,Store,Silver,Fashion,14,"₹2,691.13","₹36,038.32",15.0%,19.7%,6.8,"₹10,791.24",29.9%
RM0106,46,"₹362,000",Central,Store,Silver,Grocery,20,"₹2,412.56","₹44,746.18",14.0%,22.6%,7,"₹6,140.13",13.7%
RM0107,37,"₹806,000",East,Online,Silver,Fashion,31,"₹3,384.90","₹112,832.95",21.7%,3.5%,6.8,"₹38,103.59",33.8%
RM0108,26,"₹686,000",South,Store,Gold,Home,20,"₹1,893.33","₹34,597.62",18.2%,24.7%,6.2,"₹7,158.26",20.7%
RM0109,34,,North,Store,Gold,Fashion,11,"₹2,432.74","₹24,629.26",10.2%,2.1%,,"₹9,743.70",39.6%
RM0110,56,"₹1,051,000",Central,Store,Silver,Home,15,"₹2,475.38","₹39,899.52",13.8%,4.6%,6.4,"₹12,304.34",30.8%
RM0111,49,"₹479,000",South,Online,Silver,Grocery,32,"₹2,097.49","₹70,007.93",6.5%,3.6%,8.3,"₹16,638.65",23.8%
RM0112,21,"₹1,039,000",East,Store,Silver,Fashion,20,"₹3,020.68","₹57,198.10",0.5%,10.3%,7.9,"₹23,132.51",40.4%
RM0113,31,"₹689,000",South,Omnichannel,Silver,Electronics,18,"₹2,049.97","₹35,515.71",5.1%,0.1%,8.6,"₹7,737.94",21.8%
RM0114,52,"₹405,000",South,Store,Platinum,Grocery,14,"₹2,694.08","₹39,124.59",17.5%,0.3%,6.5,"₹8,660.21",22.1%
RM0115,33,"₹389,000",West,Store,Silver,Beauty,8,"₹1,936.55","₹16,433.65",8.9%,0.4%,6.9,"₹6,259.30",38.1%
RM0116,34,"₹575,000",Central,Store,None,Home,18,"₹2,032.90","₹33,429.21",8.7%,11.8%,6.8,"₹9,939.48",29.7%
RM0117,33,,West,Store,None,Beauty,7,"₹1,475.31","₹10,560.01",21.5%,10.7%,9.1,"₹3,006.59",28.5%
RM0118,33,"₹763,000",East,Store,Gold,Grocery,17,"₹2,621.86","₹44,692.61",7.3%,12.8%,8.1,"₹8,796.39",19.7%
RM0119,33,"₹376,000",East,Online,Silver,Home,24,"₹1,079.88","₹27,210.28",18.8%,2.8%,8.9,"₹8,079.97",29.7%
RM0120,26,"₹596,000",West,Online,None,Fashion,13,"₹1,298.58","₹15,889.39",6.9%,7.6%,6.7,"₹6,148.62",38.7%
RM0121,27,"₹1,595,000",Central,Online,Silver,Fashion,14,"₹2,821.14","₹37,327.65",7.3%,1.8%,8.6,"₹15,303.24",41.0%
RM0122,45,"₹200,000",South,Online,None,Grocery,77,"₹15,731.96","₹1,211,360.92",21.7%,4.2%,6.4,"₹234,652.72",19.4%
RM0123,52,,West,Store,Silver,Grocery,16,"₹1,577.09","₹28,243.09",33.8%,11.4%,8.6,"₹3,697.44",13.1%
RM0124,56,"₹296,000",South,Omnichannel,None,Grocery,12,"₹1,203.61","₹13,812.66",12.3%,16.9%,,"₹2,290.87",16.6%
RM0125,27,"₹586,000",North,Store,Gold,Home,30,"₹2,986.56","₹80,806.46",8.4%,9.9%,5.1,"₹24,771.66",30.7%
RM0126,45,"₹484,000",West,Store,None,Home,29,"₹1,180.08","₹34,898.35",13.4%,1.7%,6,"₹11,233.24",32.2%
RM0127,,"₹506,000",North,Store,Platinum,Grocery,19,"₹2,331.01","₹42,111.22",21.0%,2.1%,5.8,"₹8,622.09",20.5%
RM0128,23,"₹1,136,000",East,Online,,Electronics,13,"₹3,529.51","₹50,241.77",23.4%,36.8%,7.1,"₹1,078.41",2.2%
RM0129,43,"₹1,159,000",West,Omnichannel,None,Electronics,28,"₹3,031.15","₹93,304.73",2.3%,10.2%,7.2,"₹16,971.02",18.2%
RM0130,47,"₹769,000",Central,Store,None,Home,41,"₹1,762.36","₹73,758.55",36.8%,1.7%,7.6,"₹17,184.68",23.3%
RM0131,56,"₹1,063,000",East,Store,Silver,Home,8,"₹2,186.59","₹19,376.89",1.4%,3.7%,8,"₹6,962.12",35.9%
RM0132,38,"₹1,295,000",Central,Store,Silver,Grocery,6,"₹2,572.24","₹15,010.97",14.4%,11.2%,7.1,"₹2,763.62",18.4%
RM0133,50,"₹926,000",North,Omnichannel,Silver,Fashion,9,"₹1,656.32","₹15,736.83",23.6%,24.2%,8,"₹3,810.22",24.2%
RM0134,61,"₹532,000",West,Online,Gold,Grocery,11,"₹3,262.32","₹38,812.53",9.8%,19.7%,7.3,"₹6,245.70",16.1%
RM0135,44,"₹556,000",East,Online,None,Electronics,9,"₹1,963.98","₹17,121.76",16.3%,4.4%,8.3,"₹2,982.99",17.4%
RM0136,45,"₹2,850,000",East,Online,Gold,Home,14,"₹4,726.71","₹72,235.23",11.3%,8.1%,6.1,"₹21,896.16",30.3%
RM0137,35,"₹1,006,000",Central,Omnichannel,Gold,Grocery,14,"₹2,679.71","₹36,934.24",43.9%,9.4%,8.7,"₹4,134.52",11.2%
RM0138,,"₹956,000",South,Store,None,Electronics,25,"₹2,494.04","₹56,380.04",10.8%,7.0%,6.5,"₹9,904.99",17.6%
RM0139,38,"₹1,048,000",North,Omnichannel,Silver,Grocery,24,"₹2,744.02","₹72,131.88",2.5%,14.9%,9.2,"₹14,464.51",20.1%
RM0140,63,"₹551,000",South,Store,Gold,Grocery,10,"₹2,427.17","₹26,410.67",32.9%,,5.1,"₹3,935.91",14.9%
RM0141,47,"₹486,000",Central,Online,Silver,Home,16,"₹1,994.81","₹29,035.76",5.3%,4.6%,6.9,"₹9,884.74",34.0%
RM0142,,"₹660,000",East,Omnichannel,Gold,Home,21,"₹2,502.71","₹56,092.66",10.4%,16.2%,7,"₹15,285.69",27.3%
RM0143,39,"₹1,942,000",South,Store,Silver,Home,31,"₹3,686.14","₹118,311.25",25.1%,20.6%,7,"₹23,443.65",19.8%
RM0144,18,"₹990,000",West,Online,Gold,Beauty,11,"₹2,776.70","₹32,068.98",16.2%,7.5%,7.4,"₹10,286.74",32.1%
RM0145,18,"₹537,000",North,Store,Gold,Home,9,"₹2,414.40","₹20,872.38",3.5%,3.8%,8.4,"₹7,322.81",35.1%
RM0146,27,"₹1,565,000",Central,Store,Silver,Grocery,9,"₹1,302.30","₹11,601.36",7.5%,,5.7,"₹2,069.14",17.8%
RM0147,49,"₹719,000",North,Online,Gold,Fashion,5,"₹3,719.73","₹18,032.22",4.4%,5.7%,6,"₹7,331.43",40.7%
RM0148,50,"₹573,000",West,Online,Silver,Beauty,9,"₹2,494.23","₹20,984.87",31.0%,10.1%,6.5,"₹5,194.03",24.8%
RM0149,34,"₹584,000",East,Store,Gold,Home,11,"₹1,893.45","₹21,640.14",13.5%,3.7%,7.9,"₹6,779.95",31.3%
RM0150,44,"₹511,000",East,Store,Gold,Fashion,5,"₹2,826.06","₹13,555.83",0.4%,23.2%,9.5,"₹4,759.32",35.1%
RM0151,38,"₹556,000",Central,Store,Silver,Grocery,9,"₹1,770.43","₹15,132.97",34.6%,6.7%,4.6,"₹2,246.81",14.9%
RM0152,57,"₹528,000",Central,Omnichannel,Gold,Home,7,"₹3,890.59","₹25,007.89",8.9%,4.3%,,"₹8,205.41",32.8%
RM0153,30,"₹687,000",South,Store,Gold,Home,25,"₹1,439.16","₹36,540.27",8.6%,17.4%,5.1,"₹10,014.99",27.4%
RM0154,54,"₹341,000",South,Omnichannel,None,Grocery,20,"₹1,477.88","₹31,694.64",13.6%,15.0%,8.3,"₹5,397.54",17.0%
RM0155,39,"₹283,000",East,Store,Silver,Grocery,21,"₹1,660.35","₹33,723.85",3.7%,12.5%,8.6,"₹6,999.88",20.8%
RM0156,52,"₹503,000",West,Omnichannel,Silver,Electronics,8,"₹1,785.27","₹12,934.90",17.8%,6.1%,5.3,"₹2,113.26",16.3%
RM0157,41,"₹377,000",East,Store,Platinum,Home,16,"₹2,013.92","₹35,479.67",5.4%,5.3%,,"₹11,965.22",33.7%
RM0158,61,"₹1,688,000",North,Store,Gold,Home,11,"₹4,304.39","₹52,297.31",16.2%,5.9%,5.7,"₹15,370.67",29.4%
RM0159,47,"₹718,000",West,Store,Gold,Home,11,"₹3,113.35","₹36,780.82",20.9%,5.7%,7.2,"₹10,182.00",27.7%
RM0160,,"₹968,000",West,Store,Gold,Grocery,33,"₹3,742.34","₹125,313.11",6.0%,17.0%,5.3,"₹22,864.26",18.3%
RM0161,49,"₹788,000",South,Online,Gold,Beauty,30,"₹2,657.75","₹83,648.31",20.7%,24.9%,6.3,"₹19,119.48",22.9%
RM0162,32,"₹398,000",South,Store,Silver,Grocery,18,"₹1,465.79","₹24,198.46",12.4%,14.0%,8.7,"₹4,304.57",17.8%
RM0163,26,"₹602,000",North,Store,Silver,Fashion,17,"₹2,784.75","₹44,173.00",8.8%,18.1%,8.3,"₹14,773.69",33.5%
RM0164,30,"₹967,000",Central,Omnichannel,Silver,Electronics,11,"₹2,605.87","₹30,747.77",12.8%,3.5%,6.2,"₹5,721.24",18.6%
RM0165,55,"₹692,000",East,Online,Platinum,Home,20,"₹3,845.34","₹81,463.80",10.5%,1.4%,7.5,"₹27,218.30",33.4%
RM0166,48,"₹564,000",South,Store,Gold,Electronics,20,"₹2,538.31","₹53,213.81",6.9%,4.8%,5.6,"₹10,322.73",19.4%
RM0167,25,"₹712,000",North,Store,Gold,Electronics,21,"₹3,303.01","₹74,274.38",20.5%,0.3%,6.7,"₹13,505.18",18.2%
RM0168,58,,South,Online,Silver,Grocery,10,"₹2,715.92","₹29,112.50",20.6%,11.0%,7.8,"₹4,900.11",16.8%
RM0169,55,"₹737,000",North,Online,None,Electronics,15,"₹2,218.59","₹31,726.81",21.3%,4.1%,,"₹5,198.08",16.4%
RM0170,,"₹710,000",South,Online,None,Electronics,31,"₹2,132.07","₹62,338.44",16.4%,12.5%,8.2,"₹8,701.98",14.0%
RM0171,53,"₹1,129,000",South,Online,Gold,Fashion,15,"₹3,036.14","₹44,414.02",12.8%,13.7%,8.3,"₹14,875.20",33.5%
RM0172,65,,South,Store,Silver,Grocery,13,"₹2,841.84","₹35,713.65",24.0%,6.3%,9.8,"₹6,377.24",17.9%
RM0173,44,"₹789,000",West,Store,Gold,Home,16,"₹2,269.33","₹39,858.11",9.7%,9.9%,7.4,"₹12,022.37",30.2%
RM0174,43,"₹890,000",North,Store,Gold,Grocery,10,"₹2,689.05","₹26,753.75",15.2%,6.4%,5.8,"₹5,405.61",20.2%
RM0175,48,"₹930,000",North,Online,Gold,Fashion,6,"₹3,082.51","₹20,682.42",23.9%,4.7%,6.5,"₹6,677.83",32.3%
RM0176,50,"₹838,000",South,Store,None,Beauty,16,"₹1,978.79","₹31,477.21",13.3%,3.9%,7.7,"₹10,944.77",34.8%
RM0177,51,,East,Store,None,Electronics,10,"₹1,122.10","₹12,000.78",9.0%,3.8%,6.8,"₹2,321.33",19.3%
RM0178,63,"₹674,000",West,Omnichannel,Silver,Grocery,2,"₹1,936.88","₹3,745.70",8.2%,10.1%,6.1,₹769.08,20.5%
RM0179,39,"₹1,258,000",South,Online,Silver,Fashion,12,"₹1,845.53","₹23,399.51",26.5%,21.4%,5.9,"₹5,644.17",24.1%
RM0180,52,"₹1,414,000",North,Omnichannel,None,Grocery,8,"₹1,955.67","₹14,600.67",10.4%,11.0%,7.3,"₹2,859.37",19.6%
RM0181,31,"₹330,000",West,Store,None,Electronics,16,"₹1,117.02","₹16,454.68",3.2%,10.7%,7.9,"₹2,921.08",17.8%
RM0182,,"₹439,000",North,Omnichannel,Silver,Grocery,14,"₹2,248.68","₹34,859.03",17.4%,10.1%,7.6,"₹6,302.46",18.1%
RM0183,52,"₹686,000",North,Store,None,Home,10,"₹1,627.77","₹18,056.95",10.4%,2.5%,7,"₹5,959.19",33.0%
RM0184,68,"₹749,000",West,Omnichannel,None,Grocery,10,"₹1,917.09","₹21,104.16",17.7%,,7.5,"₹3,660.88",17.4%
RM0185,18,"₹430,000",Central,Store,None,Electronics,5,"₹1,591.24","₹7,914.81",16.7%,3.2%,,"₹1,412.53",17.9%
RM0186,37,"₹391,000",South,Online,Silver,Electronics,10,"₹1,477.05","₹14,766.12",11.7%,7.9%,6.4,"₹2,507.63",17.0%
RM0187,40,"₹565,000",South,Store,None,Beauty,8,"₹1,853.74","₹13,678.87",9.7%,21.1%,5.6,"₹3,974.79",29.1%
RM0188,,"₹908,000",West,Online,Gold,Fashion,12,"₹1,255.02","₹14,184.48",37.9%,12.2%,6,"₹3,238.67",22.8%
RM0189,33,"₹641,000",East,Store,None,Home,12,"₹1,258.12","₹15,357.05",7.8%,6.5%,8,"₹4,961.96",32.3%
RM0190,30,"₹679,000",North,Online,Gold,Beauty,22,"₹2,799.57","₹55,142.67",4.7%,4.7%,,"₹20,987.52",38.1%
RM0191,36,"₹435,000",North,Omnichannel,None,Home,15,"₹1,822.32","₹27,600.99",12.7%,13.8%,6.3,"₹7,551.63",27.4%
RM0192,31,"₹548,000",West,Store,Silver,Grocery,28,"₹1,674.36","₹41,349.84",34.7%,10.7%,8.2,"₹5,429.41",13.1%
RM0193,30,"₹824,000",North,Online,Silver,Fashion,11,"₹2,673.23","₹27,567.51",20.5%,4.3%,,"₹9,361.97",34.0%
RM0194,33,"₹434,000",East,Store,Gold,Grocery,17,"₹2,713.70","₹48,515.53",28.3%,5.2%,7.8,"₹8,334.87",17.2%
RM0195,18,"₹269,000",Central,Store,Gold,Grocery,15,"₹2,249.48","₹36,507.95",34.0%,5.2%,8.6,"₹5,702.51",15.6%
RM0196,42,,Central,Online,Gold,Fashion,12,"₹5,019.42","₹60,535.57",14.8%,3.0%,,"₹22,438.83",37.1%
RM0197,38,"₹708,000",South,Store,None,Grocery,19,"₹1,994.65","₹42,418.65",15.7%,3.7%,7.7,"₹9,003.01",21.2%
RM0198,27,"₹295,000",South,Store,Platinum,Fashion,14,"₹2,476.41","₹32,062.30",13.2%,2.1%,6.6,"₹12,235.03",38.2%
RM0199,39,"₹925,000",North,Store,Gold,Home,10,"₹2,899.26","₹30,094.06",14.9%,13.4%,8.2,"₹8,035.01",26.7%
RM0200,48,"₹434,000",North,Online,Gold,Home,17,"₹2,306.93","₹40,215.00",8.6%,12.7%,8.2,"₹11,815.72",29.4%
RM0201,33,"₹419,000",Central,Omnichannel,None,Home,17,₹808.56,"₹13,831.86",12.0%,7.5%,5.4,"₹4,190.05",30.3%
RM0202,44,"₹1,157,000",North,Store,Silver,Grocery,13,"₹3,036.39","₹38,257.82",19.1%,,7,"₹6,776.71",17.7%
RM0203,38,"₹691,000",West,Omnichannel,Gold,Electronics,11,"₹4,418.97","₹52,758.56",1.7%,20.4%,7.6,"₹7,399.91",14.0%
RM0204,48,"₹830,000",West,Store,Silver,Beauty,24,"₹2,344.12","₹60,656.72",12.5%,5.6%,6.5,"₹20,862.90",34.4%
RM0205,58,"₹342,000",South,Omnichannel,Platinum,Grocery,20,"₹3,153.26","₹55,670.37",26.8%,11.4%,9,"₹8,329.38",15.0%
RM0206,45,"₹625,000",East,Online,,Fashion,14,"₹2,207.50","₹27,562.12",14.8%,2.8%,8.1,"₹10,240.77",37.2%
RM0207,34,"₹1,135,000",South,Store,Gold,Fashion,21,"₹2,618.51","₹52,986.80",21.5%,12.4%,9.3,"₹15,953.89",30.1%
RM0208,28,"₹921,000",East,Store,None,Electronics,9,"₹1,869.23","₹17,751.43",14.8%,2.8%,8.7,"₹3,267.64",18.4%
RM0209,56,"₹351,000",South,Omnichannel,Gold,Beauty,3,"₹2,467.52","₹7,668.02",9.7%,11.2%,7.3,"₹2,546.73",33.2%
RM0210,38,"₹452,000",South,Store,None,Fashion,13,"₹1,654.12","₹21,510.03",17.7%,16.0%,10,"₹6,524.08",30.3%
RM0211,36,,South,Store,None,Beauty,17,"₹1,761.18","₹27,343.06",10.3%,23.7%,7.4,"₹7,586.64",27.8%
RM0212,38,"₹508,000",Central,Store,Silver,Beauty,23,"₹2,344.70","₹52,779.43",8.0%,8.1%,6.3,"₹18,602.86",35.3%
RM0213,,"₹451,000",South,Store,Gold,Fashion,22,"₹1,511.44","₹33,270.20",18.8%,13.0%,7,"₹10,332.46",31.1%
RM0214,37,"₹518,000",West,Omnichannel,Gold,Grocery,43,"₹2,944.04","₹121,273.62",14.3%,21.8%,5.7,"₹16,975.40",14.0%
RM0215,38,"₹908,000",West,Online,Silver,Home,5,"₹1,498.85","₹7,527.89",14.2%,6.8%,5.9,"₹2,241.17",29.8%
RM0216,42,"₹840,000",East,Store,Gold,Fashion,23,"₹3,110.80","₹74,915.92",6.2%,16.4%,4,"₹26,465.66",35.3%
RM0217,39,"₹949,000",North,Store,Silver,Electronics,13,"₹3,267.83","₹42,600.72",6.7%,13.3%,6.2,"₹6,762.94",15.9%
RM0218,58,"₹655,000",North,Store,None,Electronics,10,"₹2,074.24","₹18,281.97",17.8%,12.9%,5.8,"₹2,466.33",13.5%
RM0219,18,"₹871,000",Central,Online,Gold,Fashion,14,"₹2,342.24","₹34,145.72",19.0%,3.5%,8.2,"₹11,947.03",35.0%
RM0220,45,,North,Store,Silver,Fashion,8,"₹1,965.17","₹15,814.31",28.5%,14.5%,8.5,"₹4,126.77",26.1%
RM0221,71,"₹449,000",South,Online,Platinum,Fashion,8,"₹2,039.46","₹16,392.87",26.6%,,8.2,"₹4,294.04",26.2%
RM0222,21,,South,Online,Gold,Grocery,9,"₹3,588.76","₹32,350.68",19.3%,1.1%,6.3,"₹6,899.63",21.3%
RM0223,,"₹1,655,000",East,Online,Platinum,Electronics,12,"₹2,067.78","₹24,300.94",28.3%,8.0%,8,"₹3,191.73",13.1%
RM0224,18,,South,Online,,Home,22,"₹5,314.43","₹116,834.81",13.0%,15.3%,7.2,"₹31,127.98",26.6%
RM0225,53,"₹750,000",Central,Online,Silver,Home,8,"₹2,287.11","₹19,711.45",9.0%,6.8%,6.8,"₹6,252.00",31.7%
RM0226,,"₹726,000",East,Online,Silver,Electronics,12,"₹2,006.06","₹22,782.31",18.5%,17.7%,7.6,"₹2,572.93",11.3%
RM0227,36,"₹982,000",South,Store,Gold,Fashion,15,"₹3,310.12","₹49,303.14",30.9%,3.5%,6.8,"₹14,596.33",29.6%
RM0228,23,"₹284,000",West,Online,Silver,Beauty,25,"₹2,202.51","₹60,609.06",14.4%,11.8%,8.7,"₹18,786.40",31.0%
RM0229,19,"₹534,000",West,Omnichannel,Platinum,Fashion,4,"₹1,899.30","₹7,326.31",10.2%,27.8%,7,"₹2,104.14",28.7%
RM0230,25,"₹639,000",East,Online,Platinum,Fashion,12,"₹2,003.95","₹23,674.34",31.8%,1.9%,6.2,"₹7,078.93",29.9%
RM0231,28,"₹1,004,000",North,Omnichannel,None,Grocery,28,"₹1,636.80","₹44,498.54",22.0%,41.4%,4.9,"₹1,637.22",3.7%
RM0232,37,"₹822,000",West,Store,Silver,Beauty,12,₹715.38,"₹8,263.71",6.5%,1.1%,8.8,"₹3,208.56",38.8%
RM0233,54,"₹324,000",South,Store,Silver,Fashion,17,"₹1,036.19","₹17,508.95",3.9%,2.9%,7.5,"₹7,359.38",42.0%
RM0234,40,,South,Omnichannel,None,Home,14,"₹2,183.68","₹30,026.37",6.6%,6.5%,5.6,"₹9,834.84",32.8%
RM0235,44,"₹752,000",East,Store,Platinum,Electronics,22,"₹2,870.46","₹62,870.16",16.3%,9.7%,7.6,"₹9,550.57",15.2%
RM0236,38,"₹1,401,000",South,Store,Silver,Home,15,"₹1,518.65","₹22,347.90",5.2%,28.5%,6.9,"₹5,377.78",24.1%
RM0237,41,"₹884,000",North,Online,Gold,Grocery,8,"₹3,052.67","₹26,518.83",13.2%,13.8%,6.7,"₹4,680.09",17.7%
RM0238,43,"₹393,000",Central,Online,None,Fashion,20,"₹1,461.80","₹30,234.13",11.1%,21.8%,,"₹9,317.60",30.8%
RM0239,32,"₹1,558,000",West,Omnichannel,Gold,Grocery,41,"₹3,407.87","₹134,188.75",7.7%,18.3%,,"₹23,125.96",17.2%
RM0240,49,"₹934,000",East,Online,Gold,Grocery,7,"₹2,386.32","₹15,835.47",7.0%,14.7%,7.3,"₹2,996.09",18.9%
RM0241,54,"₹485,000",Central,Online,Platinum,Grocery,14,"₹2,275.87","₹33,925.97",20.4%,12.5%,6.9,"₹5,516.78",16.3%
RM0242,52,"₹672,000",East,Store,Silver,Grocery,25,"₹1,360.83","₹35,779.44",4.7%,12.3%,4.9,"₹7,360.80",20.6%
RM0243,55,"₹360,000",Central,Online,,Beauty,16,"₹1,498.33","₹25,952.87",26.0%,8.6%,5,"₹7,133.22",27.5%
RM0244,18,"₹327,000",Central,Store,Silver,Home,20,"₹2,163.18","₹40,055.15",18.1%,1.7%,7.6,"₹12,178.70",30.4%
RM0245,46,"₹890,000",North,Online,Silver,Electronics,30,"₹3,185.72","₹106,944.68",7.6%,21.7%,7.1,"₹12,995.87",12.2%
RM0246,38,"₹282,000",East,Omnichannel,None,Home,8,"₹1,654.27","₹14,166.99",12.2%,1.9%,7.7,"₹4,615.69",32.6%
RM0247,43,"₹962,000",Central,Online,None,Home,27,"₹1,425.27","₹39,341.91",18.4%,17.9%,7.4,"₹9,247.39",23.5%
RM0248,40,"₹1,747,000",West,Store,Silver,Grocery,9,"₹1,895.83","₹16,719.38",21.7%,,4.8,"₹2,431.91",14.6%
RM0249,36,"₹410,000",Central,Online,,Fashion,7,"₹2,185.81","₹13,815.94",13.6%,24.8%,7.2,"₹3,933.10",28.5%
RM0250,22,"₹1,739,000",North,Online,None,Home,11,"₹1,729.15","₹20,200.30",5.2%,2.2%,9.3,"₹7,088.39",35.1%
RM0251,5,"₹99,999,999",West,Store,None,Home,10,"₹2,219.57","₹22,112.59",9.4%,2.0%,,"₹7,425.98",33.6%
RM0252,49,,West,Online,,Grocery,6,₹496.63,"₹3,045.27",28.8%,11.9%,7.3,₹433.93,14.3%
RM0253,,"₹665,000",North,Online,,Home,29,"₹2,087.79","₹56,775.38",15.8%,2.6%,6.3,"₹17,546.21",30.9%
RM0254,40,,West,Store,Silver,Home,27,"₹2,039.78","₹59,837.45",4.8%,6.7%,7.6,"₹19,972.61",33.4%
RM0255,61,"₹949,000",Central,Online,Platinum,Grocery,13,"₹4,588.69","₹57,728.39",15.5%,5.3%,4.3,"₹11,890.29",20.6%
RM0256,43,"₹4,500,000",North,Online,None,Fashion,11,"₹2,915.35","₹30,877.60",23.5%,18.9%,7.3,"₹8,181.56",26.5%
RM0257,48,"₹718,000",Central,Store,Platinum,Grocery,11,"₹1,350.61","₹14,843.61",24.9%,10.5%,7.7,"₹2,355.68",15.9%
RM0258,33,"₹661,000",West,Store,Gold,Home,31,"₹2,498.51","₹82,832.35",6.9%,9.4%,7.7,"₹26,042.32",31.4%
RM0259,37,"₹1,294,000",North,Store,None,Fashion,8,"₹1,655.98","₹12,244.69",18.4%,10.0%,8.2,"₹3,981.46",32.5%
RM0260,33,"₹750,000",East,Store,None,Home,22,"₹1,515.73","₹37,193.02",15.3%,7.4%,10,"₹10,810.72",29.1%
RM0261,49,"₹554,000",Central,Store,None,Grocery,20,"₹2,066.06","₹38,565.72",2.3%,2.8%,4.9,"₹9,717.63",25.2%
RM0262,21,,North,Omnichannel,Silver,Fashion,11,"₹3,947.83","₹39,128.00",24.8%,16.2%,6.6,"₹10,574.11",27.0%
RM0263,63,"₹978,000",South,Omnichannel,Silver,Electronics,23,"₹1,019.67","₹21,408.79",6.8%,29.1%,6.2,"₹1,976.48",9.2%
RM0264,40,"₹696,000",Central,Store,Silver,Home,10,"₹1,834.21","₹16,434.78",21.0%,12.4%,10,"₹4,078.90",24.8%
RM0265,23,"₹1,107,000",North,Store,Platinum,Grocery,8,"₹3,694.18","₹28,982.55",7.2%,2.2%,8.2,"₹6,997.83",24.1%
RM0266,23,"₹413,000",West,Store,Silver,Home,3,"₹1,460.94","₹4,214.86",9.0%,13.6%,8,"₹1,218.26",28.9%
RM0267,20,"₹382,000",North,Omnichannel,Platinum,Fashion,12,"₹2,428.12","₹31,354.45",17.3%,6.6%,6.4,"₹10,795.76",34.4%
RM0268,19,"₹760,000",North,Store,None,Home,25,"₹2,079.90","₹57,003.79",12.0%,6.9%,6.8,"₹17,416.82",30.6%
RM0269,40,"₹306,000",North,Store,None,Fashion,10,"₹1,868.33","₹19,614.88",11.7%,4.2%,7.4,"₹7,446.86",38.0%
RM0270,45,"₹1,734,000",East,Store,Silver,Grocery,11,"₹2,014.48","₹21,861.22",25.2%,12.7%,10,"₹3,247.11",14.9%
RM0271,33,"₹632,000",North,Store,Silver,Electronics,7,"₹2,096.17","₹16,356.02",4.6%,30.9%,5.6,"₹1,470.57",9.0%
RM0272,34,"₹1,615,000",South,Online,Gold,Fashion,16,"₹3,411.55","₹51,318.81",23.4%,17.7%,6.3,"₹13,873.52",27.0%
RM0273,,"₹2,083,000",West,Store,Gold,Electronics,11,"₹4,689.25","₹56,034.38",28.4%,6.4%,4.9,"₹7,714.80",13.8%
RM0274,31,"₹399,000",East,Store,Gold,Fashion,7,"₹1,791.29","₹12,756.33",13.6%,9.4%,5.5,"₹4,460.64",35.0%
RM0275,49,"₹1,222,000",West,Store,Platinum,Fashion,7,"₹3,778.06","₹25,541.12",13.7%,20.4%,6.7,"₹7,731.63",30.3%
RM0276,41,"₹553,000",Central,Online,Platinum,Grocery,22,"₹3,916.66","₹83,898.03",27.2%,5.3%,7.1,"₹14,613.88",17.4%
RM0277,30,"₹665,000",Central,Omnichannel,Gold,Electronics,11,"₹2,194.45","₹27,013.78",9.4%,5.1%,7.8,"₹5,047.50",18.7%
RM0278,60,"₹920,000",West,Store,Silver,Grocery,14,"₹1,332.74","₹17,228.15",1.2%,3.6%,7.9,"₹4,337.65",25.2%
RM0279,53,"₹1,197,000",South,Online,Gold,Electronics,13,"₹2,710.66","₹32,282.49",23.6%,3.1%,7.2,"₹5,248.86",16.3%
RM0280,55,"₹678,000",North,Store,Gold,Fashion,18,"₹2,524.35","₹41,723.47",4.2%,7.8%,6.9,"₹16,628.82",39.9%
RM0281,53,"₹653,000",West,Store,Platinum,Home,8,"₹3,857.74","₹32,598.64",34.7%,,7.3,"₹7,117.19",21.8%
RM0282,52,"₹499,000",Central,Store,Silver,Electronics,16,"₹2,370.20","₹37,229.56",13.1%,5.3%,6.9,"₹6,617.60",17.8%
RM0283,56,"₹1,073,000",East,Store,Platinum,Fashion,33,"₹3,216.92","₹103,316.68",6.2%,31.3%,6.6,"₹30,036.09",29.1%
RM0284,27,"₹716,000",Central,Online,Platinum,Home,29,"₹2,544.41","₹75,596.24",29.1%,1.3%,7.3,"₹19,952.39",26.4%
RM0285,47,"₹895,000",North,Store,Silver,Beauty,30,"₹2,753.18","₹89,473.15",22.5%,,7.1,"₹22,777.62",25.5%
RM0286,31,"₹680,000",Central,Omnichannel,Platinum,Grocery,49,"₹2,581.33","₹138,835.48",21.7%,5.8%,5.8,"₹25,966.45",18.7%
RM0287,53,"₹349,000",East,Online,None,Home,9,"₹1,852.53","₹17,801.71",17.2%,15.6%,5.8,"₹4,430.67",24.9%
RM0288,45,"₹468,000",South,Online,Platinum,Fashion,22,"₹3,398.12","₹71,587.35",19.7%,21.5%,6.8,"₹19,401.41",27.1%
RM0289,5,"₹99,999,999",North,Store,Gold,Fashion,14,"₹1,560.69","₹24,304.15",19.3%,2.9%,,"₹8,527.77",35.1%
RM0290,41,,Central,Store,Platinum,Electronics,25,"₹3,806.73","₹90,955.22",5.4%,1.9%,9.8,"₹19,080.97",21.0%
RM0291,38,"₹471,000",East,Online,Gold,Beauty,7,"₹3,353.00","₹25,544.90",9.9%,12.6%,6.6,"₹8,318.64",32.6%
RM0292,41,"₹1,642,000",Central,Store,Gold,Home,14,"₹4,980.92","₹63,938.55",3.7%,0.3%,6.7,"₹23,325.75",36.5%
RM0293,,"₹815,000",North,Online,Silver,Grocery,6,"₹3,079.72","₹17,952.33",22.0%,4.2%,6.9,"₹3,463.83",19.3%
RM0294,34,"₹739,000",West,Store,Gold,Grocery,21,"₹1,887.61","₹43,306.39",14.6%,25.4%,6.5,"₹5,367.88",12.4%
RM0295,50,"₹717,000",West,Store,Silver,Electronics,17,"₹2,287.03","₹38,294.91",3.6%,11.6%,6.2,"₹6,631.98",17.3%
RM0296,26,"₹549,000",North,Online,None,Home,9,"₹1,504.04","₹14,760.29",13.0%,7.8%,7.5,"₹4,398.75",29.8%
RM0297,42,"₹1,351,000",Central,Store,Silver,Grocery,7,"₹2,973.39","₹20,699.46",20.1%,17.4%,7,"₹2,959.77",14.3%
RM0298,40,"₹344,000",West,Store,Gold,Home,9,"₹1,553.65","₹12,378.13",5.4%,9.0%,7.5,"₹3,980.65",32.2%
RM0299,18,"₹1,152,000",Central,Omnichannel,Gold,Electronics,17,"₹2,421.39","₹41,040.04",12.6%,19.0%,9.3,"₹4,971.32",12.1%
RM0300,49,"₹647,000",East,Omnichannel,Silver,Home,4,"₹2,274.81","₹8,514.20",9.2%,35.5%,,"₹1,667.28",19.6%
RM0301,32,"₹1,962,000",West,Omnichannel,Gold,Home,19,"₹1,271.76","₹25,608.96",24.3%,3.1%,9.9,"₹7,028.77",27.5%
RM0302,,"₹639,000",West,Omnichannel,None,Grocery,14,"₹1,946.74","₹25,670.31",19.6%,4.6%,7.9,"₹5,073.42",19.8%
RM0303,30,,East,Omnichannel,None,Grocery,19,"₹1,409.13","₹29,648.10",3.2%,3.6%,7.2,"₹7,310.51",24.7%
RM0304,34,"₹924,000",North,Omnichannel,Silver,Fashion,25,"₹2,516.97","₹63,000.01",3.4%,13.0%,5.9,"₹23,940.93",38.0%
RM0305,42,,East,Omnichannel,Gold,Fashion,3,"₹3,824.56","₹12,695.34",8.7%,14.2%,6.2,"₹4,461.09",35.1%
RM0306,27,"₹543,000",West,Online,Silver,Home,11,"₹2,705.55","₹29,376.68",8.5%,13.9%,6.1,"₹8,499.75",28.9%
RM0307,42,"₹389,000",West,Online,None,Beauty,11,"₹1,804.75","₹20,098.98",23.4%,27.6%,6,"₹4,137.44",20.6%
RM0308,18,"₹544,000",South,Store,Gold,Grocery,11,₹713.42,"₹8,422.76",17.1%,20.0%,7.8,"₹1,179.94",14.0%
RM0309,30,"₹508,000",West,Store,None,Home,6,"₹1,569.58","₹9,363.80",12.6%,13.0%,5.8,"₹2,597.25",27.7%
RM0310,,"₹1,664,000",Central,Omnichannel,None,Grocery,23,"₹1,913.55","₹39,977.34",6.0%,6.8%,4.8,"₹9,011.57",22.5%
RM0311,50,"₹523,000",West,Store,Silver,Grocery,37,"₹2,437.26","₹84,022.88",34.1%,8.4%,5.2,"₹11,993.75",14.3%
RM0312,,"₹1,140,000",East,Online,Silver,Fashion,27,"₹2,063.40","₹54,313.07",12.7%,12.9%,7.5,"₹18,395.33",33.9%
RM0313,44,"₹801,000",East,Store,Gold,Electronics,5,"₹1,681.06","₹7,778.73",20.2%,18.3%,5.9,₹829.70,10.7%
RM0314,31,,South,Omnichannel,Silver,Grocery,7,"₹1,871.49","₹12,331.90",5.1%,14.9%,7.6,"₹2,387.48",19.4%
RM0315,30,"₹379,000",North,Store,Gold,Electronics,16,"₹2,511.51","₹39,075.54",13.5%,5.7%,6.8,"₹6,828.72",17.5%
RM0316,31,,South,Store,None,Home,9,₹901.57,"₹8,663.38",10.8%,14.4%,9.6,"₹2,411.55",27.8%
RM0317,28,"₹758,000",West,Online,Silver,Fashion,7,"₹1,631.52","₹11,575.45",11.3%,7.1%,7.2,"₹4,274.32",36.9%
RM0318,26,"₹569,000",East,Store,Gold,Home,38,"₹1,322.06","₹52,689.42",17.9%,23.7%,8.1,"₹11,210.99",21.3%
RM0319,48,"₹637,000",West,Online,None,Fashion,31,₹940.06,"₹8,906.78",42.3%,73.6%,8.9,-₹441.07,-5.0%
RM0320,28,"₹533,000",West,Store,Platinum,Electronics,16,"₹2,534.16","₹42,321.44",22.8%,6.6%,,"₹6,346.73",15.0%
RM0321,41,"₹1,108,000",South,Online,Silver,Beauty,20,"₹2,030.78","₹36,247.21",24.6%,5.8%,7.4,"₹10,603.63",29.3%
RM0322,44,"₹804,000",West,Omnichannel,Silver,Grocery,2,"₹355,857.34","₹711,714.68",12.7%,9.8%,8.7,"₹138,641.31",19.5%
RM0323,37,"₹350,000",Central,Online,Gold,Home,19,"₹2,353.51","₹40,268.67",20.5%,9.8%,6.1,"₹10,514.18",26.1%
RM0324,35,"₹663,000",West,Store,Gold,Home,3,"₹3,016.21","₹9,307.55",7.8%,,4.6,"₹2,881.13",31.0%
RM0325,58,"₹381,000",East,Store,Silver,Home,15,"₹2,150.29","₹34,553.67",4.0%,14.5%,7.6,"₹10,507.56",30.4%
RM0326,47,"₹593,000",North,Online,Gold,Grocery,16,"₹2,979.38","₹44,185.33",8.4%,17.9%,5.8,"₹7,606.21",17.2%
RM0327,55,"₹684,000",East,Omnichannel,None,Grocery,10,"₹1,603.17","₹15,027.55",24.3%,6.3%,7.8,"₹2,677.68",17.8%
RM0328,54,"₹1,025,000",East,Store,None,Home,21,"₹2,015.68","₹46,759.82",7.0%,2.4%,6.7,"₹16,051.52",34.3%
RM0329,31,"₹858,000",East,Omnichannel,Silver,Grocery,27,"₹2,665.92","₹78,052.05",7.9%,1.4%,5.9,"₹18,965.99",24.3%
RM0330,38,"₹714,000",South,Online,,Electronics,11,"₹3,490.63","₹34,126.59",8.1%,5.8%,6.4,"₹6,392.60",18.7%
RM0331,28,"₹692,000",East,Online,Gold,Fashion,15,"₹3,276.02","₹52,731.57",17.0%,22.2%,4.9,"₹14,787.31",28.0%
RM0332,38,"₹489,000",South,Omnichannel,Gold,Grocery,22,"₹3,457.08","₹80,433.23",7.2%,7.2%,7.2,"₹17,735.65",22.1%
RM0333,19,"₹433,000",South,Online,Silver,Electronics,26,"₹1,807.83","₹49,513.78",18.6%,26.1%,5.5,"₹3,831.04",7.7%
RM0334,35,"₹816,000",Central,Store,Gold,Home,12,"₹2,489.50","₹31,871.81",29.4%,13.3%,5.8,"₹6,761.53",21.2%
RM0335,47,"₹601,000",North,Store,Silver,Fashion,7,"₹2,008.62","₹12,481.29",25.5%,4.7%,8.1,"₹3,937.30",31.6%
RM0336,29,"₹521,000",East,Online,None,Beauty,40,"₹1,499.79","₹13,834.06",55.9%,57.4%,5.8,-₹771.61,-5.6%
RM0337,49,"₹986,000",South,Omnichannel,Silver,Home,23,"₹1,888.79","₹44,620.62",6.7%,8.7%,6.4,"₹14,177.51",31.8%
RM0338,32,"₹981,000",East,Omnichannel,Silver,Beauty,6,"₹2,412.22","₹14,302.91",8.9%,18.5%,5.7,"₹4,359.14",30.5%
RM0339,46,"₹1,346,000",West,Online,None,Electronics,10,"₹1,676.95","₹15,321.69",35.5%,2.3%,9.2,"₹2,123.79",13.9%
RM0340,49,"₹914,000",South,Store,None,Home,10,"₹2,363.45","₹24,434.36",22.5%,25.7%,4.7,"₹4,561.82",18.7%
RM0341,18,,West,Store,Platinum,Home,9,"₹4,425.48","₹36,079.14",14.1%,16.2%,6.4,"₹9,330.10",25.9%
RM0342,45,"₹655,000",South,Store,None,Home,20,"₹2,015.79","₹38,395.51",25.1%,3.4%,7.7,"₹10,391.79",27.1%
RM0343,33,"₹486,000",Central,Store,Gold,Fashion,12,"₹1,512.91","₹18,525.49",14.8%,15.9%,7,"₹5,863.23",31.7%
RM0344,22,"₹386,000",South,Store,None,Grocery,12,"₹1,082.34","₹13,053.14",4.9%,4.2%,5.6,"₹3,124.02",23.9%
RM0345,31,,Central,Store,None,Home,8,"₹2,041.85","₹14,734.33",26.0%,7.6%,7.2,"₹3,670.45",24.9%
RM0346,49,"₹656,000",South,Omnichannel,None,Beauty,14,"₹1,229.04","₹18,176.76",24.6%,19.4%,7.4,"₹4,279.87",23.6%
RM0347,38,"₹704,000",South,Online,,Grocery,15,"₹1,411.67","₹19,597.71",4.2%,9.5%,9.9,"₹4,290.87",21.9%
RM0348,46,"₹584,000",North,Store,Silver,Beauty,23,"₹1,227.59","₹29,565.79",15.1%,1.0%,7.5,"₹10,425.90",35.3%
RM0349,33,"₹496,000",West,Store,Gold,Beauty,26,"₹1,558.33","₹44,570.29",7.1%,2.9%,6.3,"₹16,841.46",37.8%
RM0350,,"₹956,000",South,Store,Platinum,Home,6,"₹3,789.13","₹20,785.30",23.8%,,5.8,"₹4,674.55",22.5%
RM0351,45,"₹953,000",North,Omnichannel,Silver,Home,9,"₹2,855.28","₹23,740.75",20.6%,7.0%,6,"₹6,469.42",27.3%
RM0352,,"₹899,000",North,Online,None,Electronics,17,₹730.71,"₹13,201.23",14.8%,8.4%,4.9,"₹2,123.42",16.1%
RM0353,50,"₹1,482,000",Central,Store,Gold,Beauty,11,"₹3,841.51","₹45,451.75",9.6%,9.2%,7.5,"₹15,502.12",34.1%
RM0354,29,"₹656,000",South,Online,None,Fashion,44,"₹2,614.17","₹126,209.15",30.3%,7.9%,7,"₹35,443.89",28.1%
RM0355,54,"₹423,000",East,Omnichannel,None,Fashion,7,"₹2,040.44","₹13,394.90",6.6%,11.8%,,"₹4,968.85",37.1%
RM0356,27,"₹526,000",East,Omnichannel,None,Grocery,17,"₹2,172.31","₹40,225.78",18.7%,17.5%,7.9,"₹5,880.90",14.6%
RM0357,52,"₹558,000",North,Store,Gold,Beauty,24,"₹1,567.33","₹36,421.87",39.5%,31.1%,5.5,"₹4,503.84",12.4%
RM0358,20,"₹786,000",South,Store,Silver,Fashion,8,"₹2,568.05","₹20,326.38",14.7%,20.0%,,"₹6,095.18",30.0%
RM0359,68,"₹1,090,000",West,Online,Gold,Fashion,24,"₹4,881.91","₹122,801.32",8.0%,6.9%,8.8,"₹47,275.46",38.5%
RM0360,38,"₹466,000",Central,Online,Silver,Electronics,11,"₹2,244.73","₹24,062.54",8.3%,28.9%,8.8,"₹2,152.66",9.0%
RM0361,,"₹596,000",South,Online,Gold,Grocery,23,"₹3,324.08","₹79,725.76",39.7%,12.0%,7.9,"₹8,974.00",11.3%
RM0362,41,"₹725,000",Central,Online,Silver,Home,27,"₹2,360.20","₹66,024.31",13.3%,1.8%,4.9,"₹21,252.96",32.2%
RM0363,54,"₹824,000",West,Omnichannel,None,Fashion,20,"₹1,932.27","₹39,307.84",16.7%,11.4%,5.4,"₹12,839.53",32.7%
RM0364,,"₹1,025,000",West,Omnichannel,Platinum,Grocery,19,"₹2,076.80","₹35,889.35",8.5%,7.6%,6.4,"₹7,720.67",21.5%
RM0365,49,"₹1,801,000",West,Online,Silver,Electronics,22,"₹2,792.73","₹68,606.82",17.4%,2.9%,6.6,"₹12,205.99",17.8%
RM0366,,"₹644,000",East,Store,Silver,Fashion,6,"₹1,343.44","₹8,130.10",5.8%,14.4%,7.8,"₹2,956.91",36.4%
RM0367,60,"₹703,000",East,Store,None,Grocery,17,"₹2,942.36","₹51,702.88",13.6%,8.2%,7.8,"₹10,275.18",19.9%
RM0368,36,"₹1,023,000",West,Online,Silver,Home,33,"₹1,349.59","₹41,017.04",12.8%,13.2%,5.3,"₹11,329.75",27.6%
RM0369,25,"₹410,000",West,Store,Platinum,Home,16,"₹3,718.19","₹58,459.62",29.8%,24.4%,6.6,"₹9,610.22",16.4%
RM0370,24,"₹711,000",Central,Store,Silver,Home,15,"₹3,327.69","₹52,285.86",7.0%,15.0%,6.9,"₹15,166.84",29.0%
RM0371,37,,East,Omnichannel,Gold,Beauty,17,₹999.02,"₹15,251.47",29.0%,3.3%,7.4,"₹4,340.44",28.5%
RM0372,33,"₹574,000",South,Online,Silver,Grocery,12,"₹1,411.52","₹15,049.71",16.5%,15.4%,5.1,"₹2,423.66",16.1%
RM0373,,"₹644,000",East,Store,Silver,Grocery,7,"₹1,870.61","₹12,012.02",20.2%,9.0%,7.7,"₹2,134.49",17.8%
RM0374,49,"₹681,000",Central,Store,None,Grocery,14,"₹1,965.01","₹25,522.75",16.9%,10.0%,6.7,"₹4,659.29",18.3%
RM0375,41,"₹767,000",Central,Store,None,Grocery,16,₹836.09,"₹12,531.42",20.4%,12.2%,6.1,"₹2,054.61",16.4%
RM0376,,"₹1,094,000",West,Omnichannel,Gold,Electronics,9,"₹2,078.45","₹17,491.17",13.5%,16.3%,5.9,"₹2,283.29",13.1%
RM0377,22,"₹583,000",South,Store,Silver,Fashion,5,"₹1,988.93","₹9,257.22",20.9%,13.2%,7.7,"₹2,786.25",30.1%
RM0378,31,"₹1,071,000",West,Online,Silver,Home,10,"₹2,667.04","₹28,223.20",6.1%,3.8%,6.9,"₹9,620.38",34.1%
RM0379,33,"₹274,000",North,Store,Silver,Grocery,34,₹363.83,"₹13,577.99",13.9%,9.7%,7.4,"₹2,601.99",19.2%
RM0380,42,"₹1,016,000",West,Online,Silver,Home,33,"₹2,902.48","₹93,118.88",30.6%,2.9%,9.1,"₹23,408.09",25.1%
RM0381,42,,South,Store,Gold,Electronics,9,"₹2,198.58","₹18,544.03",1.7%,4.8%,7.9,"₹3,814.67",20.6%
RM0382,26,"₹878,000",North,Online,Silver,Home,14,"₹2,191.10","₹33,001.29",22.6%,,7.4,"₹8,154.33",24.7%
RM0383,37,"₹2,429,000",North,Store,Gold,Fashion,9,"₹5,061.34","₹49,513.51",5.6%,1.0%,7,"₹20,809.80",42.0%
RM0384,,"₹439,000",Central,Omnichannel,None,Electronics,23,"₹1,231.50","₹25,066.36",23.6%,7.0%,6.5,"₹3,663.21",14.6%
RM0385,70,"₹1,050,000",West,Store,Silver,Electronics,15,"₹2,539.04","₹36,547.73",27.7%,2.4%,9.1,"₹5,704.67",15.6%
RM0386,60,"₹342,000",North,Online,None,Beauty,13,"₹1,520.90","₹18,203.65",7.6%,3.5%,6.7,"₹6,795.54",37.3%
RM0387,49,"₹269,000",South,Store,Platinum,Home,44,"₹3,355.09","₹155,110.28",20.2%,32.8%,7.4,"₹25,621.65",16.5%
RM0388,37,"₹460,000",South,Store,Gold,Fashion,27,"₹2,656.26","₹67,345.43",11.9%,12.0%,5.3,"₹23,292.54",34.6%
RM0389,39,"₹2,751,000",Central,Store,Silver,Home,33,"₹1,865.94","₹58,541.93",8.0%,1.7%,8.5,"₹20,049.91",34.3%
RM0390,36,"₹1,318,000",North,Omnichannel,Platinum,Grocery,13,"₹5,180.44","₹72,416.18",4.8%,18.3%,7.6,"₹13,035.97",18.0%
RM0391,43,"₹591,000",Central,Store,Gold,Electronics,3,"₹1,537.64","₹4,812.10",26.2%,10.8%,7.2,₹598.73,12.4%
RM0392,47,,Central,Omnichannel,Silver,Fashion,20,"₹3,139.78","₹65,005.69",12.8%,9.2%,9.1,"₹22,992.00",35.4%
RM0393,39,"₹858,000",North,Store,Platinum,Electronics,18,"₹2,742.35","₹43,980.02",12.3%,3.4%,,"₹8,253.52",18.8%
RM0394,34,"₹535,000",North,Omnichannel,None,Electronics,13,"₹1,842.88","₹21,953.84",20.9%,,6,"₹2,139.24",9.7%
RM0395,,,South,Store,Gold,Fashion,36,"₹2,137.33","₹74,868.77",13.4%,11.2%,8.1,"₹25,655.06",34.3%
RM0396,28,"₹481,000",South,Store,None,Home,11,"₹1,552.18","₹17,689.83",5.6%,37.5%,8.8,"₹3,559.79",20.1%
RM0397,56,"₹515,000",East,Store,Platinum,Home,19,"₹1,433.41","₹28,810.23",22.9%,6.3%,6.1,"₹7,690.76",26.7%
RM0398,48,"₹366,000",West,Omnichannel,Silver,Grocery,103,"₹17,790.88","₹1,832,460.64",8.5%,2.7%,,"₹432,407.57",23.6%
RM0399,55,,South,Store,Silver,Grocery,33,"₹1,566.58","₹53,975.92",15.2%,6.8%,5.4,"₹10,813.75",20.0%
RM0400,36,"₹196,000",North,Omnichannel,Silver,Home,8,"₹1,112.11","₹9,300.06",7.5%,,7.1,"₹2,022.10",21.7%
RM0401,31,"₹1,791,000",South,Store,Silver,Grocery,16,"₹2,358.06","₹37,281.25",20.3%,12.7%,10,"₹6,039.13",16.2%
RM0402,30,"₹807,000",West,Store,Platinum,Electronics,33,"₹2,881.13","₹93,032.57",10.6%,2.8%,6.2,"₹18,050.19",19.4%
RM0403,27,"₹365,000",West,Store,Silver,Electronics,42,"₹1,458.69","₹68,548.37",19.7%,28.2%,6.3,"₹4,548.24",6.6%
RM0404,37,"₹533,000",South,Store,Silver,Grocery,15,"₹3,109.60","₹45,669.28",27.9%,6.9%,6.6,"₹7,580.33",16.6%
RM0405,42,"₹691,000",North,Store,Gold,Home,19,"₹1,964.87","₹41,446.43",13.8%,1.9%,6.8,"₹13,254.21",32.0%
RM0406,41,"₹1,330,000",East,Omnichannel,Gold,Electronics,11,"₹3,718.39","₹36,909.58",11.7%,26.1%,6.4,"₹3,454.60",9.4%
RM0407,39,"₹666,000",South,Store,Platinum,Fashion,17,"₹2,838.83","₹51,503.60",21.3%,21.0%,6.3,"₹13,710.79",26.6%
RM0408,,"₹351,000",South,Omnichannel,Silver,Electronics,22,"₹1,374.69","₹32,482.66",6.3%,9.6%,9.6,"₹5,694.47",17.5%
RM0409,38,"₹298,000",North,Omnichannel,None,Grocery,3,"₹311,892.66","₹935,677.98",15.7%,5.9%,6.6,"₹189,977.25",20.3%
RM0410,44,"₹280,000",Central,Store,Silver,Electronics,25,"₹1,951.61","₹48,647.80",20.1%,9.5%,4.1,"₹7,002.14",14.4%
RM0411,,"₹305,000",East,Store,Gold,Home,4,"₹2,240.41","₹8,580.25",35.0%,10.6%,8.2,"₹1,739.96",20.3%
RM0412,40,"₹639,000",Central,Online,Silver,Electronics,40,"₹1,958.42","₹36,356.36",50.4%,72.6%,8.1,"-₹6,940.76",-19.1%
RM0413,34,"₹830,000",West,Omnichannel,Platinum,Beauty,11,"₹4,296.88","₹46,163.14",44.7%,27.4%,5.3,"₹5,417.81",11.7%
RM0414,48,"₹476,000",South,Online,Silver,Home,13,"₹2,078.30","₹23,843.17",7.2%,2.4%,7.4,"₹8,175.08",34.3%
RM0415,69,"₹261,000",North,Omnichannel,None,Fashion,19,₹732.11,"₹13,142.01",7.0%,21.8%,5.6,"₹4,298.11",32.7%
RM0416,46,"₹353,000",East,Online,Platinum,Fashion,24,"₹2,704.20","₹58,402.37",16.7%,0.4%,8.4,"₹21,787.77",37.3%
RM0417,46,"₹899,000",Central,Online,Silver,Fashion,8,"₹2,549.23","₹22,420.77",10.8%,5.4%,8.5,"₹8,498.28",37.9%
RM0418,26,"₹1,017,000",Central,Store,None,Home,15,"₹2,145.15","₹31,648.10",6.2%,4.9%,7,"₹10,634.96",33.6%
RM0419,30,"₹598,000",East,Online,Silver,Home,20,"₹2,259.41","₹42,146.96",17.4%,15.1%,6.7,"₹10,549.76",25.0%
RM0420,18,"₹570,000",West,Store,Silver,Electronics,24,"₹1,203.94","₹28,733.49",12.6%,2.1%,7.3,"₹5,524.28",19.2%
RM0421,39,"₹2,371,000",East,Omnichannel,Silver,Fashion,10,"₹3,329.60","₹35,844.54",11.3%,5.5%,,"₹13,472.65",37.6%
RM0422,26,"₹480,000",South,Store,Silver,Home,36,"₹2,603.60","₹95,883.24",4.5%,8.5%,5,"₹31,377.93",32.7%
RM0423,26,"₹2,271,000",Central,Store,Platinum,Electronics,11,"₹6,187.85","₹74,404.66",21.9%,7.1%,9.4,"₹11,136.94",15.0%
RM0424,35,"₹748,000",East,Store,Platinum,Electronics,21,"₹3,022.55","₹56,094.30",2.7%,7.4%,9.4,"₹10,799.67",19.3%
RM0425,34,"₹1,473,000",North,Store,Silver,Beauty,9,"₹3,972.89","₹32,157.95",9.0%,17.5%,6.3,"₹9,929.30",30.9%
RM0426,53,"₹962,000",East,Online,None,Grocery,17,"₹2,480.83","₹43,472.88",13.1%,3.6%,8.1,"₹9,546.53",22.0%
RM0427,36,"₹667,000",South,Store,Silver,Beauty,14,"₹1,511.40","₹21,744.74",9.6%,13.5%,6,"₹7,027.22",32.3%
RM0428,47,"₹1,444,000",North,Store,Gold,Home,12,"₹3,014.56","₹34,710.18",3.1%,2.1%,8.7,"₹12,475.91",35.9%
RM0429,30,"₹2,303,000",South,Store,Platinum,Grocery,16,"₹4,685.82","₹68,040.35",7.6%,6.1%,5,"₹15,230.67",22.4%
RM0430,33,"₹2,530,000",East,Store,Gold,Grocery,29,"₹4,596.54","₹134,793.00",11.7%,11.0%,8.9,"₹25,896.52",19.2%
RM0431,49,"₹697,000",East,Online,None,Fashion,20,"₹2,054.93","₹42,280.94",5.4%,7.5%,6.5,"₹16,669.97",39.4%
RM0432,30,"₹1,026,000",West,Omnichannel,Silver,Home,12,"₹3,159.66","₹36,792.35",12.7%,28.9%,5.6,"₹7,749.51",21.1%
RM0433,50,"₹903,000",North,Omnichannel,None,Grocery,7,"₹1,763.03","₹12,271.36",17.3%,6.4%,7.3,"₹2,408.07",19.6%
RM0434,26,"₹260,000",North,Omnichannel,None,Home,19,"₹1,605.06","₹31,950.62",10.6%,6.0%,6.7,"₹10,039.34",31.4%
RM0435,51,"₹1,076,000",East,Online,Gold,Grocery,28,"₹4,225.31","₹114,321.09",23.2%,17.2%,7.7,"₹15,463.83",13.5%
RM0436,25,"₹722,000",East,Online,None,Grocery,14,"₹1,943.57","₹29,054.03",15.6%,3.9%,7.5,"₹6,150.63",21.2%
RM0437,39,"₹1,217,000",Central,Online,Silver,Grocery,22,"₹3,519.62","₹76,892.31",6.3%,7.4%,7.8,"₹17,067.79",22.2%
RM0438,33,"₹952,000",North,Online,,Grocery,16,"₹2,905.38","₹50,389.08",5.4%,30.0%,6.9,"₹6,518.00",12.9%
RM0439,35,"₹692,000",South,Omnichannel,Platinum,Fashion,9,"₹2,461.52","₹19,803.23",10.8%,24.5%,6.9,"₹5,915.71",29.9%
RM0440,35,"₹488,000",North,Store,Gold,Grocery,11,"₹2,088.43","₹20,639.44",8.6%,8.9%,7.2,"₹4,319.93",20.9%
RM0441,58,"₹426,000",East,Store,Gold,Electronics,5,"₹1,938.02","₹10,168.02",22.6%,10.3%,6.5,"₹1,372.35",13.5%
RM0442,23,"₹714,000",East,Store,Silver,Fashion,11,"₹1,035.09","₹11,070.83",4.5%,1.4%,7.4,"₹4,690.21",42.4%
RM0443,55,"₹1,068,000",South,Omnichannel,Silver,Fashion,23,"₹2,552.49","₹52,467.08",4.1%,29.8%,5.1,"₹16,070.32",30.6%
RM0444,33,"₹448,000",West,Omnichannel,None,Grocery,27,"₹1,816.90","₹49,560.34",9.4%,12.1%,7.5,"₹9,603.42",19.4%
RM0445,50,"₹596,000",North,Online,Silver,Fashion,5,"₹2,536.63","₹12,002.68",30.6%,13.3%,7.3,"₹3,081.33",25.7%
RM0446,5,"₹99,999,999",East,Store,Gold,Grocery,23,"₹3,778.66","₹94,365.74",9.9%,2.0%,9.2,"₹22,191.14",23.5%
RM0447,34,"₹1,263,000",West,Omnichannel,None,Fashion,27,"₹2,539.59","₹67,057.18",24.9%,0.7%,7.7,"₹22,491.37",33.5%
RM0448,25,"₹843,000",South,Omnichannel,None,Home,13,"₹2,024.59","₹29,070.68",7.4%,6.1%,7.5,"₹9,481.87",32.6%
RM0449,52,"₹782,000",South,Omnichannel,Silver,Grocery,10,"₹2,417.79","₹23,376.96",19.8%,20.9%,4,"₹3,014.78",12.9%
RM0450,38,"₹1,082,000",South,Store,Silver,Home,7,"₹2,528.04","₹18,056.26",7.4%,1.8%,6.1,"₹6,215.11",34.4%
RM0451,,"₹454,000",Central,Online,None,Grocery,14,"₹1,069.47","₹16,733.19",6.2%,6.7%,,"₹3,766.59",22.5%
RM0452,56,"₹1,882,000",East,Omnichannel,None,Home,13,"₹1,764.82","₹24,786.19",14.2%,14.8%,7.7,"₹6,544.97",26.4%
RM0453,5,"₹11,111,111",East,Online,Platinum,Grocery,11,"₹4,101.62","₹45,812.21",17.2%,24.4%,6.2,"₹5,553.13",12.1%
RM0454,35,"₹596,000",South,Store,Platinum,Fashion,41,"₹3,233.09","₹137,851.67",4.0%,1.2%,,"₹58,855.97",42.7%
RM0455,21,"₹843,000",South,Store,Gold,Home,15,"₹2,290.91","₹32,409.46",24.5%,5.4%,6.5,"₹8,561.77",26.4%
RM0456,,"₹423,000",East,Online,Gold,Fashion,44,"₹1,835.41","₹83,881.03",10.5%,28.3%,8.7,"₹23,798.25",28.4%
RM0457,60,"₹803,000",North,Store,Silver,Fashion,18,"₹1,224.24","₹21,952.94",21.8%,4.5%,6.4,"₹7,311.05",33.3%
RM0458,50,"₹460,000",North,Online,Silver,Grocery,22,"₹1,990.23","₹46,987.15",20.7%,,5.7,"₹8,389.43",17.9%
RM0459,34,"₹685,000",Central,Store,Gold,Fashion,29,"₹3,272.70","₹92,853.93",20.9%,13.2%,7.2,"₹27,913.72",30.1%
RM0460,34,"₹1,317,000",West,Online,Silver,Grocery,8,"₹2,864.49","₹24,572.97",21.1%,2.5%,6.6,"₹4,983.86",20.3%
RM0461,36,"₹1,055,000",South,Store,Gold,Home,8,"₹3,520.11","₹26,606.41",22.3%,,6.6,"₹4,127.78",15.5%
RM0462,31,"₹867,000",South,Online,None,Grocery,9,"₹1,561.99","₹13,353.55",7.5%,11.3%,5.9,"₹2,705.06",20.3%
RM0463,46,"₹1,578,000",South,Store,Silver,Home,12,"₹3,005.54","₹40,185.17",3.0%,4.6%,7,"₹14,034.52",34.9%
RM0464,24,"₹253,000",South,Store,Silver,Grocery,12,"₹1,574.79","₹19,760.98",21.7%,13.1%,7.1,"₹3,093.02",15.7%
RM0465,63,"₹1,014,000",West,Store,Gold,Grocery,14,"₹1,076.72","₹13,406.46",9.1%,21.3%,5.8,"₹2,090.26",15.6%
RM0466,43,"₹792,000",South,Online,,Electronics,9,"₹1,694.25","₹14,337.85",10.5%,14.9%,5.5,"₹2,055.17",14.3%
RM0467,49,"₹286,000",East,Store,None,Fashion,8,"₹1,325.05","₹10,750.91",5.6%,11.7%,7,"₹4,039.67",37.6%
RM0468,54,"₹883,000",North,Online,,Grocery,7,"₹1,419.44","₹9,531.09",30.1%,7.6%,6.1,"₹1,492.73",15.7%
RM0469,57,"₹503,000",Central,Store,Platinum,Grocery,16,"₹3,821.24","₹63,558.58",15.8%,7.6%,5.6,"₹12,413.75",19.5%
RM0470,37,"₹2,232,000",West,Online,Silver,Home,22,"₹2,307.74","₹44,986.07",12.5%,4.8%,7.7,"₹14,055.51",31.2%
RM0471,39,"₹668,000",North,Store,None,Fashion,10,"₹1,670.41","₹17,132.14",2.7%,15.7%,8,"₹6,366.97",37.2%
RM0472,18,"₹958,000",East,Omnichannel,Gold,Home,24,"₹3,441.92","₹89,461.91",3.4%,8.7%,8.1,"₹29,571.35",33.1%
RM0473,45,"₹3,266,000",East,Omnichannel,Silver,Home,21,"₹2,686.61","₹60,820.16",22.6%,5.5%,7.2,"₹16,494.08",27.1%
RM0474,18,"₹606,000",East,Online,Silver,Fashion,7,"₹2,014.29","₹14,408.46",12.1%,22.7%,5.9,"₹4,328.59",30.0%
RM0475,57,"₹527,000",South,Store,None,Beauty,9,"₹1,843.37","₹17,376.95",8.2%,13.5%,9.3,"₹5,708.78",32.9%
RM0476,44,"₹594,000",South,Online,Silver,Home,27,"₹1,850.25","₹53,911.51",26.8%,3.5%,5.9,"₹14,205.32",26.4%
RM0477,29,"₹567,000",North,Online,Gold,Beauty,2,"₹2,181.74","₹4,190.39",21.8%,,6.2,"₹1,361.56",32.5%
RM0478,44,"₹1,143,000",South,Store,Gold,Fashion,25,"₹2,221.81","₹59,198.94",1.3%,3.3%,7.2,"₹25,469.97",43.0%
RM0479,24,,West,Omnichannel,Silver,Grocery,6,"₹4,115.58","₹22,935.22",3.8%,8.4%,6.4,"₹5,150.44",22.5%
RM0480,22,,West,Store,None,Home,8,"₹3,352.45","₹28,302.41",20.7%,23.7%,5.3,"₹5,703.09",20.2%
RM0481,40,"₹319,000",East,Online,Platinum,Home,8,"₹2,012.68","₹14,985.56",14.0%,7.7%,7.9,"₹4,411.16",29.4%
RM0482,27,"₹502,000",South,Store,Silver,Beauty,14,"₹1,823.96","₹26,357.38",17.7%,9.4%,8,"₹8,069.17",30.6%
RM0483,46,"₹787,000",West,Store,Silver,Beauty,18,₹631.15,"₹12,213.58",33.7%,3.1%,6.9,"₹3,244.93",26.6%
RM0484,31,"₹603,000",West,Online,None,Fashion,3,"₹1,298.57","₹3,762.23",6.7%,2.1%,6.1,"₹1,547.03",41.1%
RM0485,34,"₹950,000",West,Omnichannel,Gold,Electronics,15,"₹4,896.80","₹71,209.59",5.4%,11.8%,7,"₹11,959.55",16.8%
RM0486,26,"₹387,000",Central,Omnichannel,Silver,Grocery,9,"₹1,628.82","₹15,905.68",9.5%,17.4%,8.3,"₹2,725.82",17.1%
RM0487,36,"₹2,239,000",West,Store,Silver,Grocery,14,"₹4,106.66","₹54,278.92",19.5%,1.2%,6.8,"₹11,528.43",21.2%
RM0488,18,"₹941,000",South,Store,Platinum,Grocery,12,"₹2,637.41","₹33,491.39",6.5%,1.0%,7.8,"₹8,320.56",24.8%
RM0489,48,"₹630,000",South,Online,,Electronics,9,"₹2,953.28","₹26,142.71",15.8%,3.1%,7.7,"₹4,721.70",18.1%
RM0490,20,"₹641,000",West,Store,Gold,Fashion,13,"₹3,886.24","₹53,694.85",11.1%,,5.1,"₹19,753.45",36.8%
RM0491,46,"₹489,000",South,Online,None,Beauty,13,"₹1,472.06","₹21,314.90",13.9%,13.1%,8.1,"₹6,539.96",30.7%
RM0492,35,"₹434,000",East,Store,Silver,Home,19,₹950.54,"₹36,066.06",46.6%,71.5%,6.4,"-₹3,508.29",-9.7%
RM0493,18,,East,Store,Platinum,Grocery,15,"₹1,780.78","₹23,550.39",1.6%,7.0%,7.5,"₹5,560.36",23.6%
RM0494,22,"₹775,000",East,Online,Silver,Fashion,29,"₹1,608.05","₹46,762.77",29.0%,4.3%,8.8,"₹14,104.86",30.2%
RM0495,45,"₹1,068,000",North,Online,None,Beauty,16,"₹2,446.22","₹36,885.10",10.0%,10.0%,,"₹12,388.20",33.6%
RM0496,47,"₹619,000",South,Omnichannel,None,Home,15,"₹1,496.46","₹23,497.92",6.9%,1.1%,9.3,"₹8,205.49",34.9%
RM0497,38,"₹594,000",North,Store,None,Beauty,12,"₹2,380.04","₹31,065.13",13.6%,7.3%,7.6,"₹10,321.23",33.2%
RM0498,22,"₹584,000",Central,Omnichannel,Gold,Home,26,"₹2,590.56","₹70,009.61",13.8%,9.8%,7.9,"₹20,054.70",28.7%
RM0499,43,"₹815,000",South,Online,Gold,Home,10,"₹2,732.48","₹27,036.64",5.8%,6.6%,6.8,"₹8,926.99",33.0%
RM0500,38,"₹403,000",East,Online,Silver,Home,12,"₹1,914.91","₹20,681.34",13.0%,8.5%,7.7,"₹6,100.99",29.5%
RM0501,46,"₹915,000",North,Online,Gold,Electronics,9,"₹4,143.82","₹37,421.49",13.9%,13.4%,6,"₹5,304.71",14.2%
RM0502,43,"₹1,542,000",East,Online,None,Home,25,"₹1,692.26","₹42,615.06",7.5%,2.7%,7.3,"₹14,505.02",34.0%
RM0503,49,"₹2,584,000",South,Omnichannel,Silver,Beauty,12,"₹2,204.23","₹25,395.20",11.3%,6.3%,,"₹8,784.79",34.6%
RM0504,37,"₹957,000",West,Store,Silver,Fashion,27,"₹1,960.82","₹49,320.74",21.6%,5.4%,6.9,"₹16,286.98",33.0%
RM0505,,"₹1,214,000",Central,Online,Silver,Electronics,13,"₹2,464.33","₹33,109.79",16.8%,6.9%,7.8,"₹5,383.98",16.3%
RM0506,47,"₹550,000",South,Online,,Grocery,17,"₹3,594.08","₹54,764.66",30.1%,10.8%,7.4,"₹7,853.22",14.3%
RM0507,,"₹408,000",South,Online,None,Electronics,3,"₹1,222.31","₹3,255.13",13.8%,10.4%,9.2,₹503.01,15.5%
RM0508,36,,Central,Store,Platinum,Electronics,25,"₹3,378.06","₹92,164.50",32.3%,5.8%,8.6,"₹12,113.84",13.1%
RM0509,37,"₹805,000",West,Store,None,Fashion,11,"₹1,870.90","₹21,442.01",8.8%,8.7%,8.4,"₹8,018.28",37.4%
RM0510,56,"₹534,000",North,Online,Gold,Home,21,"₹2,205.68","₹35,067.75",51.8%,74.3%,8.2,"-₹4,516.24",-12.9%
RM0511,45,"₹610,000",West,Store,Silver,Fashion,9,"₹1,611.75","₹15,600.67",2.6%,4.1%,5.6,"₹6,570.60",42.1%
RM0512,27,"₹606,000",Central,Omnichannel,Silver,Grocery,7,"₹3,025.90","₹20,674.55",15.1%,2.3%,7.4,"₹4,540.80",22.0%
RM0513,48,"₹921,000",North,Store,Silver,Grocery,8,"₹2,168.60","₹18,440.88",2.3%,10.0%,10,"₹4,087.91",22.2%
RM0514,27,"₹2,499,000",North,Omnichannel,None,Grocery,16,"₹1,500.06","₹22,648.28",11.8%,1.2%,,"₹5,279.42",23.3%
RM0515,32,"₹373,000",Central,Omnichannel,Silver,Grocery,73,"₹10,959.40","₹800,036.20",19.8%,5.0%,7.2,"₹156,715.09",19.6%
RM0516,18,"₹520,000",North,Omnichannel,None,Grocery,7,"₹1,770.13","₹11,576.76",8.4%,15.1%,6.6,"₹2,129.65",18.4%
RM0517,39,"₹604,000",East,Omnichannel,None,Beauty,13,"₹1,454.84","₹17,541.60",14.8%,3.3%,,"₹6,032.45",34.4%
RM0518,53,"₹1,522,000",East,Store,Gold,Electronics,7,"₹3,536.12","₹23,786.05",24.2%,15.7%,,"₹2,580.70",10.9%
RM0519,28,"₹467,000",North,Online,Silver,Beauty,12,"₹2,449.23","₹32,806.98",7.4%,,5.9,"₹5,573.96",17.0%
RM0520,41,"₹1,055,000",East,Store,Gold,Electronics,27,"₹3,217.87","₹87,526.26",15.9%,11.5%,10,"₹12,699.27",14.5%
RM0521,54,"₹1,198,000",Central,Omnichannel,Silver,Beauty,15,"₹2,174.46","₹36,046.69",9.1%,6.2%,8.3,"₹12,824.13",35.6%
RM0522,18,"₹241,000",West,Store,None,Home,6,"₹1,187.50","₹6,481.11",28.8%,18.4%,9.5,"₹1,254.28",19.4%
RM0523,30,"₹931,000",North,Online,Silver,Grocery,12,"₹1,827.39","₹24,496.79",20.6%,11.1%,7.1,"₹4,108.16",16.8%
RM0524,30,,South,Omnichannel,Gold,Home,20,"₹2,675.44","₹50,630.52",9.3%,3.0%,9.3,"₹16,821.24",33.2%
RM0525,24,"₹1,174,000",West,Store,Silver,Beauty,13,"₹1,959.08","₹26,020.20",23.0%,18.7%,5.7,"₹6,375.44",24.5%
RM0526,45,"₹1,068,000",West,Omnichannel,Silver,Electronics,20,"₹2,342.48","₹47,602.20",3.9%,18.0%,6.6,"₹6,923.69",14.5%
RM0527,44,"₹711,000",East,Omnichannel,Silver,Home,10,"₹1,683.74","₹17,028.47",11.6%,30.5%,6.3,"₹3,536.05",20.8%
RM0528,18,"₹908,000",East,Store,Silver,Grocery,23,"₹2,745.11","₹66,998.08",3.0%,11.7%,4.6,"₹14,255.93",21.3%
RM0529,,"₹287,000",Central,Store,Silver,Home,17,"₹1,396.60","₹26,142.53",3.5%,9.1%,6.8,"₹8,585.68",32.8%
RM0530,,"₹859,000",South,Online,Gold,Beauty,10,"₹2,512.10","₹22,181.35",21.5%,9.0%,6.4,"₹6,476.05",29.2%
RM0531,21,"₹1,106,000",South,Omnichannel,Platinum,Fashion,13,"₹2,307.81","₹27,369.69",33.1%,2.3%,6.3,"₹7,975.12",29.1%
RM0532,41,"₹1,560,000",West,Online,Gold,Electronics,18,"₹2,583.60","₹45,792.59",29.2%,11.2%,6.1,"₹5,306.07",11.6%
RM0533,36,"₹680,000",West,Store,Silver,Beauty,17,"₹1,498.31","₹24,337.06",0.9%,2.5%,7.1,"₹9,877.27",40.6%
RM0534,20,"₹414,000",West,Store,None,Home,97,"₹17,253.33","₹1,673,573.01",17.6%,4.4%,8.9,"₹493,285.64",29.5%
RM0535,31,,Central,Online,Silver,Home,17,"₹2,113.34","₹36,842.10",25.9%,11.1%,7.3,"₹8,657.81",23.5%
RM0536,50,"₹935,000",Central,Online,Platinum,Grocery,8,"₹3,881.58","₹31,332.82",16.2%,8.7%,7.2,"₹5,942.71",19.0%
RM0537,53,"₹620,000",North,Online,Silver,Fashion,10,"₹1,776.24","₹16,433.82",9.9%,21.3%,8,"₹5,192.60",31.6%
RM0538,47,"₹941,000",East,Online,Silver,Fashion,76,"₹9,153.97","₹695,701.72",15.0%,5.1%,8.5,"₹251,055.79",36.1%
RM0539,34,,Central,Online,,Home,17,"₹1,671.06","₹27,064.59",16.7%,,7.5,"₹7,190.76",26.6%
RM0540,36,"₹931,000",North,Store,Gold,Grocery,22,"₹3,440.89","₹81,397.69",28.6%,1.6%,7.4,"₹15,134.58",18.6%
RM0541,48,"₹1,222,000",East,Store,Platinum,Home,11,"₹3,181.46","₹34,289.58",7.4%,9.1%,6.7,"₹10,754.56",31.4%
RM0542,27,"₹914,000",East,Store,Platinum,Fashion,9,"₹4,275.36","₹40,148.87",14.3%,1.8%,7,"₹15,176.74",37.8%
RM0543,26,"₹726,000",South,Omnichannel,None,Home,28,"₹1,594.12","₹45,870.79",11.7%,4.6%,8.3,"₹14,510.62",31.6%
RM0544,36,,West,Store,None,Fashion,6,"₹1,930.52","₹11,413.17",8.0%,16.3%,8.6,"₹3,944.23",34.6%
RM0545,52,"₹650,000",North,Store,Silver,Electronics,28,"₹3,214.01","₹81,777.16",7.5%,9.4%,6.8,"₹14,166.79",17.3%
RM0546,55,"₹621,000",West,Online,Silver,Beauty,15,"₹2,455.83","₹35,600.91",11.8%,9.1%,,"₹11,830.77",33.2%
RM0547,20,"₹660,000",West,Store,Silver,Fashion,12,"₹2,715.18","₹34,328.34",10.6%,13.5%,5.5,"₹11,868.74",34.6%
RM0548,48,"₹547,000",North,Online,Silver,Home,26,"₹2,346.82","₹61,774.40",9.3%,9.7%,7.4,"₹18,769.72",30.4%
RM0549,36,"₹805,000",South,Omnichannel,None,Fashion,15,"₹2,611.71","₹35,702.02",18.8%,2.4%,8.7,"₹12,687.92",35.5%
RM0550,,"₹1,353,000",West,Store,None,Electronics,14,"₹1,877.64","₹26,617.02",11.3%,2.6%,6.8,"₹5,139.42",19.3%
RM0551,30,"₹1,988,000",Central,Online,None,Beauty,18,"₹2,765.52","₹55,607.26",9.5%,18.1%,7.4,"₹16,916.24",30.4%
RM0552,37,,North,Omnichannel,Silver,Grocery,11,"₹3,155.29","₹38,088.65",4.2%,7.1%,6.5,"₹8,716.78",22.9%
RM0553,34,"₹793,000",Central,Online,Gold,Grocery,13,"₹2,833.27","₹35,771.83",5.2%,19.4%,5.2,"₹6,235.35",17.4%
RM0554,63,"₹1,190,000",East,Store,Platinum,Beauty,6,"₹3,370.17","₹18,345.46",34.2%,5.7%,8.6,"₹4,626.98",25.2%
RM0555,40,"₹1,869,000",North,Online,Platinum,Fashion,34,"₹4,275.03","₹131,600.76",10.7%,6.5%,8.9,"₹49,302.48",37.5%
RM0556,38,"₹495,000",West,Omnichannel,None,Grocery,9,₹517.55,"₹4,881.45",6.2%,15.7%,6.1,₹914.94,18.7%
RM0557,48,,Central,Store,Gold,Grocery,6,"₹1,723.15","₹10,916.86",26.9%,14.3%,6.8,"₹1,500.15",13.7%
RM0558,35,"₹185,000",East,Online,Silver,Electronics,25,"₹1,726.79","₹44,073.50",6.2%,3.3%,7.3,"₹8,894.68",20.2%
RM0559,46,"₹681,000",West,Online,None,Electronics,9,"₹2,051.59","₹17,982.58",17.8%,5.8%,5.2,"₹2,962.94",16.5%
RM0560,41,"₹225,000",North,Omnichannel,None,Beauty,6,"₹1,007.46","₹5,660.52",14.5%,15.1%,7.1,"₹1,672.40",29.5%
RM0561,46,"₹2,252,000",Central,Store,Platinum,Grocery,15,"₹5,345.47","₹74,590.91",6.5%,32.4%,5.4,"₹8,660.27",11.6%
RM0562,,"₹539,000",South,Online,,Grocery,18,"₹3,500.60","₹62,553.40",6.5%,14.2%,5.7,"₹12,049.05",19.3%
RM0563,62,"₹502,000",West,Omnichannel,Silver,Grocery,10,"₹1,139.93","₹10,926.57",33.6%,5.9%,8,"₹1,691.49",15.5%
RM0564,24,"₹988,000",West,Store,Gold,Fashion,11,"₹4,028.42","₹47,103.02",3.8%,18.7%,7.1,"₹16,691.70",35.4%
RM0565,36,"₹712,000",North,Omnichannel,None,Beauty,17,"₹2,480.50","₹40,298.91",19.0%,9.3%,4.8,"₹12,130.46",30.1%
RM0566,29,"₹1,074,000",South,Online,Platinum,Fashion,14,"₹2,532.96","₹35,671.45",27.6%,3.3%,7.4,"₹11,128.26",31.2%
RM0567,30,"₹531,000",North,Omnichannel,Silver,Fashion,25,"₹1,461.99","₹32,332.63",20.2%,11.0%,6.9,"₹10,123.62",31.3%
RM0568,38,"₹1,182,000",South,Omnichannel,None,Grocery,17,"₹2,022.09","₹34,839.72",19.1%,8.0%,6.1,"₹6,438.84",18.5%
RM0569,38,"₹992,000",East,Store,None,Grocery,28,"₹2,059.50","₹62,845.41",5.7%,12.5%,8.7,"₹12,696.42",20.2%
RM0570,45,"₹1,294,000",South,Online,Silver,Grocery,9,"₹1,486.05","₹14,080.55",13.3%,7.7%,7.2,"₹2,840.88",20.2%
RM0571,43,"₹411,000",West,Omnichannel,Gold,Fashion,11,"₹2,201.73","₹23,041.78",4.3%,39.7%,6.9,"₹6,080.22",26.4%
RM0572,,"₹517,000",West,Store,None,Electronics,6,"₹1,707.90","₹9,945.92",2.9%,0.5%,8.6,"₹2,200.67",22.1%
RM0573,52,"₹972,000",South,Online,Platinum,Grocery,22,"₹2,607.30","₹64,186.69",5.0%,15.0%,6.8,"₹12,428.17",19.4%
RM0574,44,"₹373,000",East,Store,Platinum,Home,17,"₹2,320.97","₹40,215.99",8.6%,14.2%,6,"₹11,569.86",28.8%
RM0575,44,"₹573,000",Central,Online,Silver,Electronics,21,"₹1,972.36","₹39,863.41",44.3%,10.7%,9.3,"₹3,320.77",8.3%
RM0576,36,,West,Omnichannel,Platinum,Electronics,16,"₹3,885.54","₹68,767.76",17.0%,7.1%,8.8,"₹11,079.62",16.1%
RM0577,18,"₹498,000",South,Online,None,Home,15,"₹1,487.91","₹24,435.67",36.2%,2.3%,8,"₹5,682.76",23.3%
RM0578,26,"₹483,000",West,Store,Silver,Beauty,14,"₹1,292.46","₹17,226.80",12.3%,16.9%,8,"₹5,121.68",29.7%
RM0579,49,,East,Store,Gold,Electronics,13,"₹3,311.35","₹42,947.40",14.2%,1.7%,5.4,"₹8,163.68",19.0%
RM0580,45,"₹397,000",West,Omnichannel,None,Fashion,33,"₹1,891.57","₹62,452.74",14.7%,12.9%,6.5,"₹20,594.20",33.0%
RM0581,37,"₹558,000",North,Store,Gold,Grocery,16,"₹2,872.44","₹49,000.57",31.3%,20.2%,6,"₹4,929.96",10.1%
RM0582,18,"₹833,000",South,Online,None,Electronics,22,"₹2,276.16","₹47,418.25",28.6%,5.2%,8.1,"₹6,747.57",14.2%
RM0583,44,"₹914,000",South,Omnichannel,Silver,Grocery,6,"₹2,556.24","₹14,179.81",15.6%,2.3%,6.5,"₹3,092.47",21.8%
RM0584,25,"₹429,000",East,Store,Silver,Home,17,"₹2,022.91","₹34,470.87",13.8%,22.2%,7.3,"₹8,086.84",23.5%
RM0585,39,"₹456,000",West,Store,Gold,Beauty,13,"₹2,576.44","₹36,443.26",11.2%,10.7%,7.5,"₹11,949.24",32.8%
RM0586,40,"₹295,000",South,Store,Silver,Home,17,"₹1,300.69","₹22,172.38",9.7%,15.9%,9.8,"₹6,126.27",27.6%
RM0587,28,"₹783,000",South,Store,Silver,Fashion,16,"₹2,245.75","₹39,431.51",7.5%,8.7%,7.4,"₹14,974.55",38.0%
RM0588,18,"₹404,000",South,Online,,Home,18,"₹1,681.74","₹31,278.21",9.5%,6.0%,4.7,"₹9,966.09",31.9%
RM0589,32,"₹857,000",Central,Omnichannel,Platinum,Grocery,9,"₹3,412.76","₹33,868.39",12.2%,20.1%,8.5,"₹5,175.46",15.3%
RM0590,37,"₹723,000",North,Store,Silver,Home,5,"₹2,040.99","₹9,637.78",20.7%,,8.9,"₹2,888.96",30.0%
RM0591,31,"₹973,000",South,Online,Gold,Grocery,17,"₹3,154.53","₹50,021.70",33.7%,22.8%,8.7,"₹4,165.57",8.3%
RM0592,52,"₹461,000",North,Store,None,Grocery,10,"₹1,080.59","₹10,512.04",13.3%,9.7%,6.3,"₹2,031.29",19.3%
RM0593,28,"₹722,000",East,Store,Silver,Electronics,30,"₹2,643.28","₹76,880.76",17.3%,7.7%,,"₹12,154.20",15.8%
RM0594,55,"₹728,000",Central,Store,Gold,Fashion,27,"₹2,304.29","₹62,080.91",30.7%,6.3%,8.2,"₹17,729.38",28.6%
RM0595,29,"₹1,528,000",West,Store,Platinum,Grocery,6,"₹2,996.65","₹17,777.50",11.8%,4.6%,7.6,"₹3,892.84",21.9%
RM0596,41,,Central,Omnichannel,None,Electronics,47,"₹2,256.69","₹98,310.35",7.2%,7.9%,9.4,"₹17,728.69",18.0%
RM0597,47,"₹1,257,000",North,Online,None,Grocery,5,"₹1,905.18","₹8,685.23",30.2%,7.4%,5.8,"₹1,368.93",15.8%
RM0598,,"₹389,000",North,Online,Gold,Home,14,"₹1,666.51","₹25,918.75",16.6%,11.0%,7.9,"₹7,018.19",27.1%
RM0599,42,"₹870,000",South,Online,Silver,Fashion,13,"₹1,896.93","₹22,876.85",4.5%,25.7%,,"₹7,362.97",32.2%
RM0600,48,"₹670,000",East,Online,Platinum,Fashion,14,"₹5,034.74","₹77,637.77",12.9%,14.3%,6.1,"₹25,781.85",33.2%
RM0601,25,"₹728,000",North,Omnichannel,None,Beauty,8,"₹1,737.44","₹13,130.94",2.2%,8.3%,7.1,"₹4,936.70",37.6%
RM0602,43,"₹764,000",South,Online,Gold,Grocery,26,"₹2,485.20","₹71,874.93",18.6%,4.9%,7.1,"₹14,339.33",20.0%
RM0603,36,"₹384,000",South,Omnichannel,None,Electronics,11,"₹1,557.28","₹15,076.78",5.0%,1.8%,4.8,"₹3,182.61",21.1%
RM0604,45,"₹447,000",Central,Omnichannel,Silver,Home,17,"₹2,226.62","₹39,511.48",29.7%,4.5%,5.8,"₹9,821.10",24.9%
RM0605,54,"₹1,100,000",West,Online,Gold,Grocery,8,"₹3,355.30","₹27,114.35",14.9%,2.1%,8.3,"₹5,998.56",22.1%
RM0606,43,,West,Store,Silver,Grocery,10,₹900.13,"₹9,192.32",14.6%,4.1%,7.4,"₹1,964.03",21.4%
RM0607,43,,North,Omnichannel,Gold,Home,9,"₹2,920.07","₹29,331.52",7.8%,8.5%,8.7,"₹9,234.28",31.5%
RM0608,43,"₹1,092,000",North,Store,Platinum,Grocery,18,"₹1,943.86","₹33,179.43",5.0%,23.7%,6.3,"₹5,214.52",15.7%
RM0609,30,"₹1,184,000",East,Store,Gold,Fashion,28,"₹2,017.01","₹63,044.73",12.7%,18.5%,7.1,"₹19,879.64",31.5%
RM0610,43,"₹1,698,000",East,Online,Silver,Grocery,20,"₹1,843.63","₹40,743.61",13.7%,1.3%,6.8,"₹9,284.36",22.8%
RM0611,,"₹538,000",South,Store,Silver,Beauty,24,"₹2,002.31","₹30,827.75",50.7%,,7.1,"-₹1,397.05",-4.5%
RM0612,55,"₹1,073,000",West,Online,,Home,16,"₹2,461.35","₹37,798.65",21.6%,,6.4,"₹6,249.70",16.5%
RM0613,18,"₹1,261,000",West,Online,Silver,Home,5,"₹3,168.24","₹15,488.90",21.1%,15.6%,5.9,"₹3,634.36",23.5%
RM0614,,"₹871,000",South,Omnichannel,Silver,Grocery,17,"₹2,898.35","₹48,053.73",9.2%,26.0%,6.2,"₹6,537.71",13.6%
RM0615,59,"₹907,000",East,Store,Platinum,Grocery,21,"₹3,101.06","₹59,118.54",7.8%,10.1%,5.3,"₹12,218.03",20.7%
RM0616,18,"₹1,030,000",West,Online,Silver,Beauty,9,"₹3,568.36","₹30,646.91",27.8%,26.0%,8.3,"₹5,944.01",19.4%
RM0617,68,,North,Online,Gold,Fashion,7,"₹1,731.75","₹11,477.24",8.2%,3.3%,4.9,"₹4,585.31",40.0%
RM0618,18,"₹462,000",East,Online,None,Beauty,25,"₹1,348.58","₹35,792.00",6.5%,3.1%,8.4,"₹13,585.71",38.0%
RM0619,74,"₹354,000",Central,Online,Gold,Fashion,20,"₹2,937.28","₹52,287.76",17.8%,4.3%,9.3,"₹18,383.14",35.2%
RM0620,51,"₹919,000",North,Store,Silver,Beauty,23,"₹2,203.25","₹54,751.85",7.0%,8.4%,6.9,"₹19,450.36",35.5%
RM0621,34,"₹580,000",North,Online,None,Fashion,11,"₹1,841.73","₹22,598.91",9.6%,14.8%,6.9,"₹7,790.34",34.5%
RM0622,,"₹1,174,000",South,Omnichannel,None,Grocery,31,"₹1,018.34","₹33,929.10",13.1%,8.0%,6.5,"₹6,819.29",20.1%
RM0623,65,"₹602,000",South,Store,None,Beauty,18,"₹1,936.60","₹34,666.22",13.0%,17.1%,4.6,"₹10,181.51",29.4%
RM0624,,"₹850,000",South,Online,,Beauty,33,"₹1,907.79","₹63,304.07",9.8%,14.7%,7,"₹20,090.15",31.7%
RM0625,44,"₹586,000",East,Omnichannel,Silver,Grocery,14,"₹2,648.66","₹37,060.59",11.2%,13.1%,10,"₹6,845.31",18.5%
RM0626,50,,West,Store,None,Beauty,18,"₹2,053.22","₹32,645.00",7.9%,25.1%,4.3,"₹9,196.70",28.2%
RM0627,29,"₹701,000",East,Store,Silver,Beauty,32,"₹1,432.21","₹45,719.79",12.5%,26.1%,7.4,"₹11,783.45",25.8%
RM0628,45,"₹585,000",West,Online,,Grocery,15,"₹2,602.68","₹42,449.34",34.2%,7.0%,8,"₹6,300.45",14.8%
RM0629,18,"₹860,000",North,Store,Silver,Grocery,7,"₹3,423.00","₹24,055.75",17.5%,3.1%,10,"₹5,044.55",21.0%
RM0630,32,"₹1,651,000",Central,Omnichannel,Gold,Beauty,2,"₹2,753.86","₹5,578.94",8.8%,4.7%,8.9,"₹2,025.75",36.3%
RM0631,24,"₹825,000",South,Online,Platinum,Fashion,25,"₹1,464.23","₹36,545.45",13.5%,13.0%,,"₹12,222.33",33.4%
RM0632,37,"₹559,000",South,Omnichannel,Silver,Beauty,20,"₹2,194.44","₹48,350.47",21.2%,23.7%,6.3,"₹11,180.58",23.1%
RM0633,38,,Central,Online,Platinum,Home,16,"₹5,052.88","₹82,314.37",3.1%,9.9%,5.4,"₹26,900.62",32.7%
RM0634,31,"₹500,000",North,Store,Gold,Grocery,23,"₹1,711.92","₹41,841.39",26.3%,4.0%,8.8,"₹7,631.56",18.2%
RM0635,42,"₹651,000",West,Store,Gold,Home,35,"₹2,830.35","₹108,593.80",15.5%,8.6%,7.4,"₹30,951.73",28.5%
RM0636,52,"₹695,000",East,Omnichannel,Gold,Home,9,"₹2,766.22","₹22,452.31",23.4%,14.3%,5.6,"₹5,183.08",23.1%
RM0637,25,"₹2,239,000",North,Store,Platinum,Home,10,"₹5,697.80","₹61,877.69",14.9%,13.2%,7.2,"₹16,582.16",26.8%
RM0638,36,"₹710,000",North,Omnichannel,Gold,Grocery,8,"₹1,800.31","₹12,951.22",19.7%,4.9%,8.1,"₹2,542.27",19.6%
RM0639,46,,South,Omnichannel,Gold,Electronics,23,"₹3,461.50","₹76,038.52",19.1%,5.6%,6.5,"₹12,353.23",16.3%
RM0640,26,"₹493,000",West,Store,Gold,Fashion,19,"₹2,281.85","₹42,675.56",3.1%,6.7%,7.4,"₹17,410.33",40.8%
RM0641,26,"₹560,000",South,Store,Silver,Home,13,"₹2,392.61","₹33,232.51",9.2%,1.6%,5.7,"₹11,244.58",33.8%
RM0642,33,"₹1,036,000",Central,Omnichannel,None,Grocery,11,"₹2,330.85","₹27,700.16",5.4%,15.5%,7.8,"₹5,271.55",19.0%
RM0643,35,"₹579,000",North,Online,,Fashion,9,"₹2,481.86","₹23,245.36",31.2%,9.3%,6.3,"₹6,296.50",27.1%
RM0644,38,"₹334,000",North,Omnichannel,Gold,Fashion,13,"₹2,218.39","₹25,671.26",10.1%,9.6%,4.6,"₹9,350.45",36.4%
RM0645,,"₹616,000",South,Store,Silver,Home,16,"₹2,100.88","₹35,808.65",20.5%,4.3%,5,"₹10,168.59",28.4%
RM0646,44,"₹233,000",South,Omnichannel,Silver,Fashion,23,"₹1,614.93","₹33,597.03",4.7%,21.1%,7.4,"₹11,441.79",34.1%
RM0647,25,"₹521,000",South,Store,None,Beauty,32,"₹1,289.88","₹45,795.64",16.6%,10.0%,8.8,"₹14,109.32",30.8%
RM0648,20,"₹1,008,000",North,Online,Platinum,Grocery,13,"₹3,477.29","₹42,857.53",29.3%,2.6%,6.4,"₹7,705.05",18.0%
RM0649,19,"₹485,000",South,Store,Silver,Home,18,"₹1,793.08","₹31,557.22",6.7%,9.7%,8.9,"₹9,903.28",31.4%
RM0650,32,"₹1,209,000",East,Store,Gold,Home,20,"₹2,609.86","₹50,888.08",22.9%,3.5%,8.5,"₹14,166.00",27.8%
RM0651,43,"₹412,000",South,Online,None,Grocery,10,"₹1,404.02","₹13,554.26",34.9%,10.5%,8.5,"₹1,782.55",13.2%
RM0652,29,"₹446,000",East,Omnichannel,Platinum,Home,12,"₹4,046.82","₹51,320.09",19.4%,19.9%,4.7,"₹11,448.81",22.3%
RM0653,38,"₹1,390,000",Central,Online,None,Fashion,18,"₹2,033.31","₹38,485.07",12.5%,12.1%,8.3,"₹13,188.26",34.3%
RM0654,26,"₹1,790,000",West,Online,Gold,Home,1,"₹198,024.89","₹198,024.89",18.2%,20.6%,5.2,"₹44,469.26",22.5%
RM0655,,"₹228,000",West,Store,Silver,Beauty,5,₹773.91,"₹3,426.54",14.0%,7.5%,7.5,"₹1,130.27",33.0%
RM0656,54,"₹871,000",West,Omnichannel,Gold,Beauty,16,"₹2,701.46","₹46,530.23",9.1%,6.7%,7.1,"₹16,447.79",35.4%
RM0657,22,"₹788,000",West,Store,Silver,Electronics,12,"₹2,760.48","₹36,492.31",5.3%,23.8%,7.2,"₹4,295.06",11.8%
RM0658,36,"₹670,000",East,Online,Gold,Grocery,37,"₹2,833.29","₹111,180.32",3.4%,3.0%,6.7,"₹27,608.19",24.8%
RM0659,68,"₹662,000",West,Store,Gold,Grocery,14,"₹2,883.63","₹41,625.89",7.7%,,8.7,"₹9,664.15",23.2%
RM0660,40,"₹696,000",North,Online,Silver,Grocery,14,"₹1,783.33","₹24,035.20",13.4%,17.4%,5.4,"₹3,862.23",16.1%
RM0661,18,"₹938,000",Central,Store,Silver,Grocery,8,"₹1,763.23","₹13,624.71",13.8%,4.5%,8.9,"₹2,913.54",21.4%
RM0662,18,"₹543,000",East,Omnichannel,Silver,Grocery,15,"₹1,567.90","₹24,040.96",20.0%,,7.1,"₹5,059.47",21.1%
RM0663,51,"₹2,085,000",South,Online,Platinum,Beauty,24,"₹4,955.31","₹119,309.54",21.8%,18.7%,,"₹29,821.11",25.0%
RM0664,35,,West,Online,Gold,Electronics,10,"₹2,791.95","₹28,183.19",39.3%,3.6%,5,"₹3,505.93",12.4%
RM0665,37,"₹648,000",South,Omnichannel,None,Fashion,27,"₹1,255.59","₹29,851.12",13.7%,3.0%,8.4,"₹11,224.33",37.6%
RM0666,40,"₹1,008,000",North,Store,Gold,Beauty,6,"₹2,586.16","₹15,355.81",15.5%,4.9%,8.4,"₹5,128.52",33.4%
RM0667,37,"₹391,000",North,Online,Gold,Home,17,"₹2,230.70","₹38,815.93",26.3%,17.6%,6.6,"₹8,005.78",20.6%
RM0668,52,"₹812,000",West,Omnichannel,Gold,Fashion,13,"₹3,355.32","₹42,472.77",6.3%,11.1%,6.3,"₹15,931.36",37.5%
RM0669,55,,East,Store,None,Electronics,23,"₹2,625.38","₹65,225.49",10.2%,20.8%,7.1,"₹7,788.37",11.9%
RM0670,28,"₹3,630,000",West,Omnichannel,Gold,Fashion,23,"₹3,924.11","₹94,002.20",9.6%,4.0%,7.4,"₹36,683.09",39.0%
RM0671,53,"₹853,000",South,Omnichannel,Gold,Home,31,"₹3,873.97","₹129,613.24",7.6%,13.3%,5.9,"₹38,279.04",29.5%
RM0672,18,"₹217,000",West,Omnichannel,None,Beauty,13,"₹1,644.50","₹19,950.34",18.4%,2.0%,10,"₹6,668.88",33.4%
RM0673,56,"₹1,128,000",Central,Online,None,Fashion,16,"₹2,132.53","₹36,780.72",10.1%,15.4%,8,"₹12,508.96",34.0%
RM0674,48,"₹738,000",East,Online,Silver,Grocery,5,"₹2,295.59","₹10,996.58",18.2%,13.4%,8,"₹1,811.46",16.5%
RM0675,18,"₹773,000",South,Omnichannel,None,Beauty,11,"₹1,947.17","₹22,432.26",9.8%,1.1%,,"₹8,394.17",37.4%
RM0676,,"₹884,000",North,Online,None,Fashion,11,"₹2,214.52","₹26,443.67",18.9%,25.3%,5.4,"₹6,840.86",25.9%
RM0677,30,"₹772,000",South,Store,Silver,Grocery,16,"₹3,085.91","₹47,446.41",21.1%,10.2%,6.7,"₹8,079.36",17.0%
RM0678,,"₹529,000",Central,Omnichannel,Platinum,Home,14,"₹4,117.88","₹62,942.50",3.5%,10.7%,8.9,"₹20,259.65",32.2%
RM0679,49,"₹370,000",North,Store,Gold,Electronics,9,"₹1,305.44","₹11,194.21",29.7%,10.7%,4.2,"₹1,305.29",11.7%
RM0680,50,"₹879,000",North,Store,Silver,Home,9,"₹2,666.18","₹24,144.40",12.3%,2.4%,10,"₹7,800.97",32.3%
RM0681,49,"₹405,000",North,Store,None,Grocery,8,"₹1,524.65","₹12,089.45",2.3%,1.7%,6.3,"₹3,105.07",25.7%
RM0682,40,,East,Online,Silver,Beauty,19,"₹2,570.57","₹48,296.58",23.6%,9.1%,5.3,"₹13,668.80",28.3%
RM0683,36,"₹2,033,000",Central,Online,Platinum,Beauty,9,"₹3,779.24","₹34,559.10",14.4%,17.1%,6.3,"₹9,938.15",28.8%
RM0684,32,"₹798,000",North,Online,Gold,Grocery,18,"₹3,027.68","₹51,987.77",13.8%,4.0%,8.8,"₹11,238.51",21.6%
RM0685,24,"₹435,000",West,Omnichannel,Silver,Grocery,9,"₹1,370.05","₹11,014.86",8.7%,10.4%,6.3,"₹2,235.39",20.3%
RM0686,53,,South,Store,Gold,Home,7,"₹2,055.36","₹15,640.87",14.8%,10.3%,8.4,"₹4,387.47",28.1%
RM0687,44,"₹1,021,000",East,Store,Gold,Fashion,6,"₹4,187.08","₹26,633.48",9.1%,11.0%,7.4,"₹9,666.21",36.3%
RM0688,42,"₹1,094,000",South,Online,Platinum,Beauty,18,"₹3,617.14","₹62,737.16",5.3%,14.0%,5.3,"₹21,265.50",33.9%
RM0689,35,"₹496,000",North,Online,Gold,Fashion,15,"₹2,262.94","₹30,306.62",28.9%,10.6%,6.8,"₹8,351.67",27.6%
RM0690,26,,Central,Online,Platinum,Grocery,19,"₹5,391.28","₹100,749.00",12.0%,26.5%,7,"₹12,728.26",12.6%
RM0691,40,"₹443,000",West,Online,Gold,Grocery,12,"₹1,846.66","₹23,037.07",9.3%,14.6%,7.3,"₹4,230.69",18.4%
RM0692,31,"₹1,108,000",North,Online,Silver,Grocery,7,"₹2,812.30","₹19,326.40",15.3%,0.6%,8.1,"₹4,368.80",22.6%
RM0693,75,,South,Store,None,Electronics,5,"₹2,462.10","₹11,015.00",21.9%,1.2%,,"₹1,923.85",17.5%
RM0694,18,"₹613,000",Central,Omnichannel,Gold,Home,10,"₹2,452.91","₹22,319.67",18.7%,8.5%,8.1,"₹6,099.83",27.3%
RM0695,22,"₹1,585,000",South,Store,None,Fashion,7,"₹2,517.25","₹16,568.15",12.1%,16.0%,6.4,"₹5,443.07",32.9%
RM0696,37,"₹501,000",North,Store,Silver,Electronics,16,"₹1,684.91","₹24,681.92",2.6%,1.6%,6.2,"₹5,365.21",21.7%
RM0697,40,"₹567,000",South,Store,Gold,Grocery,18,"₹2,774.11","₹50,313.71",15.9%,4.5%,8.4,"₹10,487.51",20.8%
RM0698,33,"₹497,000",South,Omnichannel,None,Electronics,17,"₹1,450.98","₹21,896.59",14.5%,31.5%,5.1,"₹1,411.25",6.5%
RM0699,36,,East,Omnichannel,None,Home,25,"₹1,750.18","₹45,130.83",15.3%,1.3%,6.7,"₹14,292.14",31.7%
RM0700,61,,Central,Online,Gold,Grocery,18,"₹2,781.36","₹50,743.87",13.6%,7.8%,6,"₹10,189.20",20.1%
RM0701,38,"₹476,000",North,Online,,Home,19,"₹3,564.07","₹74,412.77",4.8%,7.2%,7.4,"₹24,663.05",33.1%
RM0702,44,"₹881,000",West,Online,,Beauty,45,"₹1,985.76","₹93,312.87",23.7%,28.7%,5.7,"₹18,663.62",20.0%
RM0703,69,"₹1,201,000",East,Omnichannel,Platinum,Electronics,28,"₹3,493.82","₹108,873.72",7.5%,10.2%,5.8,"₹18,523.13",17.0%
RM0704,38,"₹1,116,000",North,Online,Silver,Grocery,31,"₹2,246.00","₹71,224.78",11.3%,12.1%,7.4,"₹13,429.11",18.9%
RM0705,45,"₹1,065,000",Central,Online,Gold,Home,13,"₹2,740.56","₹33,563.61",28.3%,1.2%,6.8,"₹8,978.12",26.8%
RM0706,64,"₹1,128,000",South,Store,None,Beauty,18,"₹1,603.25","₹26,654.10",10.7%,6.2%,5.7,"₹9,309.53",34.9%
RM0707,37,"₹331,000",South,Store,None,Electronics,7,"₹1,936.59","₹15,121.79",7.6%,11.5%,7.3,"₹2,483.04",16.4%
RM0708,31,"₹804,000",East,Online,Platinum,Grocery,11,"₹4,982.28","₹54,083.92",17.6%,4.4%,7.1,"₹11,026.72",20.4%
RM0709,40,"₹433,000",East,Omnichannel,Platinum,Beauty,23,"₹1,696.72","₹36,339.70",23.5%,1.2%,6.2,"₹11,492.39",31.6%
RM0710,59,"₹1,276,000",South,Store,None,Grocery,12,"₹2,238.45","₹23,820.15",26.1%,8.2%,8.1,"₹3,938.76",16.5%
RM0711,45,"₹868,000",East,Online,Platinum,Home,33,"₹4,057.91","₹135,554.95",9.2%,18.6%,8.3,"₹36,185.70",26.7%
RM0712,34,"₹952,000",West,Store,Platinum,Fashion,19,"₹4,481.38","₹81,311.65",12.5%,2.1%,6.8,"₹31,281.52",38.5%
RM0713,56,"₹726,000",West,Store,Gold,Fashion,6,"₹3,074.45","₹19,255.83",3.6%,5.3%,6.3,"₹7,926.16",41.2%
RM0714,38,"₹660,000",East,Store,Gold,Home,12,"₹1,734.66","₹19,211.93",10.7%,21.6%,6.4,"₹4,776.26",24.9%
RM0715,35,"₹1,086,000",North,Omnichannel,Silver,Fashion,13,"₹2,426.81","₹30,336.41",26.8%,16.6%,7.7,"₹7,883.51",26.0%
RM0716,18,"₹449,000",West,Store,Silver,Fashion,19,"₹2,610.38","₹51,683.50",9.4%,7.4%,7.8,"₹19,479.12",37.7%
RM0717,22,"₹894,000",North,Store,Gold,Grocery,13,"₹3,585.48","₹46,648.78",24.6%,10.5%,7.7,"₹7,453.38",16.0%
RM0718,39,"₹1,150,000",East,Omnichannel,Silver,Home,3,₹517.43,"₹1,518.23",7.0%,1.9%,8.7,₹524.50,34.6%
RM0719,,"₹526,000",South,Online,None,Electronics,13,"₹1,664.99","₹21,717.87",12.4%,11.5%,7.4,"₹3,324.82",15.3%
RM0720,38,"₹1,003,000",South,Store,Gold,Fashion,8,"₹3,216.33","₹28,475.38",6.7%,12.7%,6.6,"₹10,439.85",36.7%
RM0721,50,"₹2,241,000",South,Store,Gold,Home,16,"₹4,212.61","₹73,348.37",21.2%,8.6%,8.1,"₹19,301.24",26.3%
RM0722,26,"₹651,000",North,Store,Gold,Grocery,19,"₹2,747.54","₹52,241.29",8.2%,24.0%,8.7,"₹7,681.93",14.7%
RM0723,20,"₹623,000",South,Omnichannel,Gold,Fashion,9,"₹2,478.35","₹24,536.32",16.5%,6.6%,6.8,"₹8,542.05",34.8%
RM0724,24,"₹2,512,000",West,Store,Gold,Grocery,15,"₹2,735.18","₹43,345.09",26.0%,7.4%,5,"₹7,314.72",16.9%
RM0725,74,"₹495,000",North,Online,,Fashion,8,"₹2,543.82","₹18,086.45",7.2%,9.1%,8,"₹6,862.06",37.9%
RM0726,24,"₹832,000",South,Online,,Beauty,16,"₹2,318.58","₹37,690.14",16.7%,4.5%,4.5,"₹12,477.44",33.1%
RM0727,57,"₹620,000",North,Omnichannel,Silver,Home,21,"₹2,156.23","₹48,563.15",16.4%,10.6%,8.4,"₹13,259.93",27.3%
RM0728,46,"₹329,000",South,Online,Gold,Home,9,"₹2,655.09","₹25,800.19",20.9%,8.9%,5.9,"₹6,791.19",26.3%
RM0729,67,,North,Store,Gold,Fashion,14,"₹2,195.43","₹27,143.96",21.5%,2.6%,6.8,"₹9,289.33",34.2%
RM0730,38,"₹3,004,000",East,Online,Silver,Electronics,3,"₹3,279.61","₹9,952.71",12.2%,13.1%,5.7,"₹1,462.80",14.7%
RM0731,24,,East,Store,Silver,Home,20,"₹2,128.04","₹38,195.54",2.7%,9.2%,5.6,"₹12,641.78",33.1%
RM0732,57,"₹1,005,000",West,Store,None,Beauty,17,"₹2,963.69","₹48,793.15",6.2%,6.4%,6.3,"₹17,906.87",36.7%
RM0733,,"₹461,000",East,Omnichannel,None,Home,30,₹979.60,"₹27,838.72",22.8%,10.0%,7.9,"₹7,000.98",25.2%
RM0734,34,"₹1,010,000",North,Omnichannel,Silver,Fashion,16,"₹1,922.58","₹28,003.18",43.2%,1.0%,9.3,"₹7,037.82",25.1%
RM0735,18,"₹714,000",North,Omnichannel,Silver,Grocery,8,"₹2,894.00","₹22,196.81",20.7%,20.3%,5.7,"₹2,861.88",12.9%
RM0736,45,"₹1,169,000",East,Store,Silver,Electronics,22,"₹3,182.20","₹77,984.71",22.6%,4.4%,8.2,"₹12,438.87",16.0%
RM0737,44,"₹681,000",North,Omnichannel,Silver,Home,16,"₹2,170.32","₹35,239.88",9.6%,9.4%,7.8,"₹10,708.49",30.4%
RM0738,46,"₹552,000",Central,Omnichannel,Silver,Grocery,15,"₹2,086.46","₹34,314.20",10.0%,17.6%,,"₹5,794.91",16.9%
RM0739,30,"₹2,009,000",South,Online,Platinum,Grocery,17,"₹7,463.06","₹119,960.36",19.3%,11.3%,6.7,"₹20,448.65",17.1%
RM0740,47,"₹1,704,000",South,Store,None,Fashion,15,"₹2,225.91","₹32,267.62",19.5%,3.2%,7.7,"₹11,267.74",34.9%
RM0741,29,"₹993,000",East,Online,Gold,Home,19,"₹2,760.84","₹47,416.77",6.2%,2.7%,7.1,"₹16,355.76",34.5%
RM0742,35,"₹944,000",North,Online,Silver,Grocery,2,"₹331,633.99","₹663,267.98",10.1%,19.5%,6.3,"₹106,792.78",16.1%
RM0743,20,"₹470,000",West,Store,Platinum,Beauty,20,"₹3,691.31","₹69,567.26",31.6%,15.9%,4.2,"₹15,329.77",22.0%
RM0744,,"₹1,211,000",South,Store,None,Home,13,"₹1,031.72","₹14,290.66",1.4%,4.8%,5,"₹5,069.10",35.5%
RM0745,20,"₹975,000",East,Online,Platinum,Beauty,19,"₹3,603.20","₹76,016.32",17.0%,13.5%,10,"₹22,182.59",29.2%
RM0746,50,"₹876,000",West,Store,Silver,Beauty,17,"₹2,105.11","₹37,465.56",10.5%,16.3%,7,"₹11,516.47",30.7%
RM0747,35,"₹1,509,000",South,Store,Silver,Fashion,12,"₹3,544.65","₹43,892.30",9.9%,3.8%,8,"₹17,107.78",39.0%
RM0748,,"₹213,000",North,Online,None,Grocery,21,"₹1,820.07","₹38,597.76",12.3%,3.6%,,"₹8,552.51",22.2%
RM0749,65,"₹635,000",Central,Online,Platinum,Fashion,32,"₹2,744.05","₹79,121.24",20.8%,,9,"₹27,657.07",35.0%
RM0750,25,"₹1,145,000",South,Online,None,Fashion,15,"₹1,999.28","₹29,592.73",10.0%,12.3%,7,"₹10,456.80",35.3%
RM0751,56,"₹969,000",South,Omnichannel,Gold,Electronics,39,"₹3,705.06","₹150,961.31",12.3%,4.2%,6.4,"₹27,788.20",18.4%
RM0752,34,,East,Online,None,Electronics,10,"₹2,501.75","₹23,311.98",17.4%,8.8%,5.5,"₹3,570.60",15.3%
RM0753,53,,East,Omnichannel,None,Home,8,"₹2,126.07","₹16,099.98",18.1%,27.6%,7.7,"₹3,145.20",19.5%
RM0754,36,"₹846,000",North,Store,Gold,Grocery,4,"₹4,442.84","₹18,606.81",6.3%,4.1%,8.2,"₹4,390.47",23.6%
RM0755,45,"₹1,197,000",West,Store,Gold,Fashion,2,"₹321,150.60","₹642,301.20",20.9%,7.2%,6,"₹209,348.44",32.6%
RM0756,41,"₹1,559,000",North,Online,,Grocery,26,"₹3,311.84","₹92,745.29",8.9%,2.7%,5.6,"₹21,759.67",23.5%
RM0757,28,,West,Omnichannel,Silver,Home,16,"₹2,432.68","₹37,630.72",7.4%,16.1%,6.2,"₹10,689.22",28.4%
RM0758,24,"₹513,000",South,Store,Gold,Fashion,15,"₹2,607.15","₹42,693.16",8.2%,6.1%,7.8,"₹16,530.75",38.7%
RM0759,29,"₹579,000",West,Omnichannel,Gold,Beauty,17,"₹1,686.11","₹32,009.52",28.9%,9.6%,6.7,"₹8,265.42",25.8%
RM0760,30,"₹490,000",South,Store,Platinum,Beauty,49,"₹3,312.99","₹145,100.29",18.5%,29.3%,7.6,"₹31,820.29",21.9%
RM0761,51,"₹785,000",South,Online,,Fashion,23,"₹1,245.98","₹29,095.88",12.4%,3.5%,8.4,"₹11,045.90",38.0%
RM0762,,"₹508,000",East,Omnichannel,Silver,Beauty,19,"₹2,139.27","₹37,803.64",10.7%,10.7%,7,"₹12,476.49",33.0%
RM0763,64,"₹614,000",South,Online,Gold,Fashion,14,"₹1,988.82","₹25,716.67",22.0%,21.5%,7.7,"₹6,710.49",26.1%
RM0764,35,"₹1,055,000",South,Omnichannel,Platinum,Home,1,"₹181,291.83","₹181,291.83",12.4%,0.6%,9.2,"₹59,920.58",33.1%
RM0765,60,"₹425,000",East,Store,Platinum,Fashion,8,"₹2,386.69","₹21,244.83",9.8%,24.7%,4.9,"₹6,420.63",30.2%
RM0766,,"₹304,000",West,Store,Silver,Home,34,"₹1,779.19","₹59,809.62",18.8%,6.2%,8.5,"₹16,904.33",28.3%
RM0767,58,"₹2,086,000",West,Omnichannel,None,Beauty,68,"₹10,974.06","₹746,236.08",9.0%,3.6%,7.4,"₹273,897.00",36.7%
RM0768,41,"₹922,000",Central,Online,Silver,Electronics,6,"₹2,652.08","₹14,759.58",27.0%,3.5%,6.8,"₹2,266.08",15.4%
RM0769,35,"₹1,129,000",West,Omnichannel,Silver,Beauty,21,"₹1,205.89","₹23,710.87",5.0%,17.1%,8.1,"₹7,761.66",32.7%
RM0770,39,"₹692,000",Central,Omnichannel,Gold,Grocery,10,₹804.41,"₹7,985.30",5.2%,7.6%,7,"₹1,788.69",22.4%
RM0771,50,"₹874,000",North,Omnichannel,Gold,Home,14,"₹3,332.07","₹43,985.90",28.7%,5.5%,9,"₹10,904.36",24.8%
RM0772,63,"₹1,678,000",East,Online,Silver,Beauty,12,"₹3,317.19","₹41,882.75",23.8%,17.4%,5.6,"₹10,343.17",24.7%
RM0773,46,"₹679,000",North,Online,Silver,Grocery,22,"₹1,882.76","₹37,489.41",12.9%,29.9%,6.7,"₹4,119.79",11.0%
RM0774,51,"₹679,000",West,Online,None,Home,15,"₹2,424.33","₹38,902.52",5.9%,6.1%,8,"₹12,906.63",33.2%
RM0775,18,"₹578,000",North,Omnichannel,None,Home,18,"₹1,274.18","₹21,950.21",20.6%,4.6%,8.9,"₹6,198.34",28.2%
RM0776,50,"₹429,000",Central,Online,Gold,Fashion,17,"₹1,670.93","₹28,564.03",10.9%,1.6%,,"₹11,268.86",39.5%
RM0777,29,"₹798,000",East,Store,Gold,Beauty,38,"₹1,879.76","₹68,152.37",4.0%,3.4%,6.8,"₹26,506.63",38.9%
RM0778,33,"₹735,000",Central,Online,Silver,Beauty,15,"₹2,765.06","₹42,085.73",13.1%,7.5%,7.2,"₹14,043.54",33.4%
RM0779,43,"₹1,219,000",South,Online,None,Beauty,4,"₹1,902.03","₹7,339.70",36.6%,14.5%,5.8,"₹1,510.01",20.6%
RM0780,26,"₹243,000",South,Store,Gold,Electronics,23,"₹1,799.74","₹38,027.11",14.6%,13.6%,7.6,"₹5,307.97",14.0%
RM0781,50,"₹687,000",South,Store,Platinum,Beauty,24,"₹2,902.77","₹65,610.29",3.7%,20.6%,7.2,"₹20,862.48",31.8%
RM0782,63,"₹1,216,000",East,Online,Gold,Electronics,8,"₹2,708.03","₹22,212.44",16.3%,13.1%,8.2,"₹3,060.12",13.8%
RM0783,40,"₹1,785,000",North,Online,None,Fashion,5,"₹2,332.74","₹12,781.30",16.1%,6.9%,7.9,"₹4,453.95",34.9%
RM0784,45,"₹413,000",South,Store,Platinum,Grocery,19,"₹3,063.94","₹61,530.21",16.7%,6.7%,6.6,"₹12,109.54",19.7%
RM0785,33,"₹924,000",West,Omnichannel,Silver,Fashion,28,"₹2,095.93","₹60,228.18",13.8%,9.7%,5.3,"₹20,917.11",34.7%
RM0786,,"₹593,000",West,Store,Gold,Grocery,15,"₹1,734.86","₹23,017.03",7.6%,18.3%,7.9,"₹3,979.86",17.3%
RM0787,41,"₹1,228,000",Central,Online,Silver,Home,21,"₹2,361.29","₹54,219.75",8.2%,33.5%,5.6,"₹11,296.78",20.8%
RM0788,33,"₹661,000",West,Online,Gold,Home,9,"₹3,574.36","₹30,113.81",9.5%,5.6%,7.2,"₹9,652.70",32.1%
RM0789,39,"₹993,000",East,Omnichannel,None,Beauty,8,"₹2,509.67","₹20,607.25",26.1%,2.1%,5.5,"₹6,217.25",30.2%
RM0790,29,"₹1,075,000",North,Store,Platinum,Home,5,"₹1,468.37","₹7,869.69",25.9%,4.2%,8.1,"₹2,080.04",26.4%
RM0791,60,"₹641,000",North,Omnichannel,Gold,Home,12,"₹3,043.96","₹33,072.34",17.1%,1.4%,8,"₹10,233.53",30.9%
RM0792,36,,South,Omnichannel,None,Grocery,19,"₹1,337.82","₹24,718.70",26.9%,19.6%,5.8,"₹2,840.48",11.5%
RM0793,19,"₹459,000",North,Store,None,Electronics,22,"₹1,773.74","₹39,516.71",37.6%,29.1%,7.4,₹849.80,2.2%
RM0794,5,"₹99,999,999",East,Online,Silver,Fashion,19,"₹2,502.29","₹43,002.39",6.4%,6.7%,6.8,"₹16,908.07",39.3%
RM0795,5,"₹11,111,111",West,Online,Silver,Beauty,13,"₹1,705.39","₹24,345.14",19.0%,0.7%,6.4,"₹8,216.78",33.8%
RM0796,,"₹891,000",East,Store,Gold,Beauty,9,"₹1,809.24","₹17,861.07",15.6%,16.2%,6.9,"₹5,112.19",28.6%
RM0797,51,"₹1,044,000",South,Store,Silver,Beauty,13,"₹2,060.47","₹28,775.96",5.4%,5.4%,9.3,"₹10,779.78",37.5%
RM0798,33,"₹548,000",South,Online,Gold,Fashion,14,"₹2,415.87","₹33,080.27",26.3%,1.5%,6.6,"₹10,769.46",32.6%
RM0799,22,"₹791,000",North,Store,Gold,Home,5,"₹2,661.32","₹13,416.54",34.9%,3.2%,7.5,"₹3,135.04",23.4%
RM0800,,"₹424,000",Central,Online,,Beauty,17,"₹2,270.59","₹34,046.24",21.3%,4.7%,7.2,"₹10,577.89",31.1%
